trial,fault_round,fault_byte,fault_value,plaintext,key,golden_ct,faulty_ct,diff_count,diff_positions
golden,0,-1,0,3243f6a8885a308d313198a2e0370734,2b7e151628aed2a6abf7158809cf4f3c,3925841d02dc09fbdc118597196a0b32,3925841d02dc09fbdc118597196a0b32,0,
col0_t0,9,0,164,3243f6a8885a308d313198a2e0370734,2b7e151628aed2a6abf7158809cf4f3c,3925841d02dc09fbdc118597196a0b32,3025841d02dc09dddc11b29719f80b32,4,"0,7,10,13"
col0_t1,9,0,29,3243f6a8885a308d313198a2e0370734,2b7e151628aed2a6abf7158809cf4f3c,3925841d02dc09fbdc118597196a0b32,e125841d02dc0991dc11a897191a0b32,4,"0,7,10,13"
col0_t2,9,0,7,3243f6a8885a308d313198a2e0370734,2b7e151628aed2a6abf7158809cf4f3c,3925841d02dc09fbdc118597196a0b32,f025841d02dc0906dc11bb97192c0b32,4,"0,7,10,13"
col0_t3,9,0,190,3243f6a8885a308d313198a2e0370734,2b7e151628aed2a6abf7158809cf4f3c,3925841d02dc09fbdc118597196a0b32,7e25841d02dc0947dc11f09719f70b32,4,"0,7,10,13"
col0_t4,9,0,71,3243f6a8885a308d313198a2e0370734,2b7e151628aed2a6abf7158809cf4f3c,3925841d02dc09fbdc118597196a0b32,5a25841d02dc09bddc11ed9719630b32,4,"0,7,10,13"
col0_t5,9,0,63,3243f6a8885a308d313198a2e0370734,2b7e151628aed2a6abf7158809cf4f3c,3925841d02dc09fbdc118597196a0b32,9125841d02dc092edc113497197f0b32,4,"0,7,10,13"
col0_t6,9,0,58,3243f6a8885a308d313198a2e0370734,2b7e151628aed2a6abf7158809cf4f3c,3925841d02dc09fbdc118597196a0b32,a225841d02dc0915dc11679719ca0b32,4,"0,7,10,13"
col0_t7,9,0,36,3243f6a8885a308d313198a2e0370734,2b7e151628aed2a6abf7158809cf4f3c,3925841d02dc09fbdc118597196a0b32,dd25841d02dc09eedc11b797194a0b32,4,"0,7,10,13"
col0_t8,9,0,189,3243f6a8885a308d313198a2e0370734,2b7e151628aed2a6abf7158809cf4f3c,3925841d02dc09fbdc118597196a0b32,8225841d02dc0966dc113d9719bd0b32,4,"0,7,10,13"
col0_t9,9,0,27,3243f6a8885a308d313198a2e0370734,2b7e151628aed2a6abf7158809cf4f3c,3925841d02dc09fbdc118597196a0b32,8c25841d02dc091bdc11449719500b32,4,"0,7,10,13"
col0_t10,9,0,174,3243f6a8885a308d313198a2e0370734,2b7e151628aed2a6abf7158809cf4f3c,3925841d02dc09fbdc118597196a0b32,3825841d02dc09bbdc11939719e50b32,4,"0,7,10,13"
col0_t11,9,0,190,3243f6a8885a308d313198a2e0370734,2b7e151628aed2a6abf7158809cf4f3c,3925841d02dc09fbdc118597196a0b32,7e25841d02dc0947dc11f09719f70b32,4,"0,7,10,13"
col0_t12,9,0,229,3243f6a8885a308d313198a2e0370734,2b7e151628aed2a6abf7158809cf4f3c,3925841d02dc09fbdc118597196a0b32,1925841d02dc09cedc11779719ab0b32,4,"0,7,10,13"
col0_t13,9,0,140,3243f6a8885a308d313198a2e0370734,2b7e151628aed2a6abf7158809cf4f3c,3925841d02dc09fbdc118597196a0b32,9625841d02dc09bcdc11569719dc0b32,4,"0,7,10,13"
col0_t14,9,0,23,3243f6a8885a308d313198a2e0370734,2b7e151628aed2a6abf7158809cf4f3c,3925841d02dc09fbdc118597196a0b32,6125841d02dc09d8dc11f19719bf0b32,4,"0,7,10,13"
col0_t15,9,0,152,3243f6a8885a308d313198a2e0370734,2b7e151628aed2a6abf7158809cf4f3c,3925841d02dc09fbdc118597196a0b32,2325841d02dc09a0dc119a9719740b32,4,"0,7,10,13"
col0_t16,9,0,109,3243f6a8885a308d313198a2e0370734,2b7e151628aed2a6abf7158809cf4f3c,3925841d02dc09fbdc118597196a0b32,a025841d02dc095cdc11a69719130b32,4,"0,7,10,13"
col0_t17,9,0,9,3243f6a8885a308d313198a2e0370734,2b7e151628aed2a6abf7158809cf4f3c,3925841d02dc09fbdc118597196a0b32,5625841d02dc0981dc114f9719950b32,4,"0,7,10,13"
col0_t18,9,0,8,3243f6a8885a308d313198a2e0370734,2b7e151628aed2a6abf7158809cf4f3c,3925841d02dc09fbdc118597196a0b32,d325841d02dc09fcdc11599719ac0b32,4,"0,7,10,13"
col0_t19,9,0,24,3243f6a8885a308d313198a2e0370734,2b7e151628aed2a6abf7158809cf4f3c,3925841d02dc09fbdc118597196a0b32,b825841d02dc0977dc11bc97194c0b32,4,"0,7,10,13"
col0_t20,9,0,56,3243f6a8885a308d313198a2e0370734,2b7e151628aed2a6abf7158809cf4f3c,3925841d02dc09fbdc118597196a0b32,a325841d02dc09dbdc11b69719230b32,4,"0,7,10,13"
col0_t21,9,0,60,3243f6a8885a308d313198a2e0370734,2b7e151628aed2a6abf7158809cf4f3c,3925841d02dc09fbdc118597196a0b32,d125841d02dc09d4dc11e09719a40b32,4,"0,7,10,13"
col0_t22,9,0,130,3243f6a8885a308d313198a2e0370734,2b7e151628aed2a6abf7158809cf4f3c,3925841d02dc09fbdc118597196a0b32,4225841d02dc0993dc11089719700b32,4,"0,7,10,13"
col0_t23,9,0,155,3243f6a8885a308d313198a2e0370734,2b7e151628aed2a6abf7158809cf4f3c,3925841d02dc09fbdc118597196a0b32,da25841d02dc09c9dc11fa9719200b32,4,"0,7,10,13"
col0_t24,9,0,7,3243f6a8885a308d313198a2e0370734,2b7e151628aed2a6abf7158809cf4f3c,3925841d02dc09fbdc118597196a0b32,f025841d02dc0906dc11bb97192c0b32,4,"0,7,10,13"
col1_t0,9,4,144,3243f6a8885a308d313198a2e0370734,2b7e151628aed2a6abf7158809cf4f3c,3925841d02dc09fbdc118597196a0b32,39af841d51dc09fbdc118517196a9732,4,"1,4,11,14"
col1_t1,9,4,51,3243f6a8885a308d313198a2e0370734,2b7e151628aed2a6abf7158809cf4f3c,3925841d02dc09fbdc118597196a0b32,394e841d6edc09fbdc118523196a5f32,4,"1,4,11,14"
col1_t2,9,4,184,3243f6a8885a308d313198a2e0370734,2b7e151628aed2a6abf7158809cf4f3c,3925841d02dc09fbdc118597196a0b32,3942841d99dc09fbdc11853f196a7532,4,"1,4,11,14"
col1_t3,9,4,167,3243f6a8885a308d313198a2e0370734,2b7e151628aed2a6abf7158809cf4f3c,3925841d02dc09fbdc118597196a0b32,39e2841dfedc09fbdc118540196ab632,4,"1,4,11,14"
col1_t4,9,4,180,3243f6a8885a308d313198a2e0370734,2b7e151628aed2a6abf7158809cf4f3c,3925841d02dc09fbdc118597196a0b32,39f6841d46dc09fbdc118522196ad432,4,"1,4,11,14"
col1_t5,9,4,140,3243f6a8885a308d313198a2e0370734,2b7e151628aed2a6abf7158809cf4f3c,3925841d02dc09fbdc118597196a0b32,39b9841d5fdc09fbdc1185d5196aa732,4,"1,4,11,14"
col1_t6,9,4,108,3243f6a8885a308d313198a2e0370734,2b7e151628aed2a6abf7158809cf4f3c,3925841d02dc09fbdc118597196a0b32,39fa841db8dc09fbdc118592196a7f32,4,"1,4,11,14"
col1_t7,9,4,57,3243f6a8885a308d313198a2e0370734,2b7e151628aed2a6abf7158809cf4f3c,3925841d02dc09fbdc118597196a0b32,391b841d52dc09fbdc118529196a5932,4,"1,4,11,14"
col1_t8,9,4,115,3243f6a8885a308d313198a2e0370734,2b7e151628aed2a6abf7158809cf4f3c,3925841d02dc09fbdc118597196a0b32,39b1841d92dc09fbdc118595196a7932,4,"1,4,11,14"
col1_t9,9,4,151,3243f6a8885a308d313198a2e0370734,2b7e151628aed2a6abf7158809cf4f3c,3925841d02dc09fbdc118597196a0b32,3977841da2dc09fbdc11858a196a4b32,4,"1,4,11,14"
col1_t10,9,4,72,3243f6a8885a308d313198a2e0370734,2b7e151628aed2a6abf7158809cf4f3c,3925841d02dc09fbdc118597196a0b32,39f2841d76dc09fbdc118541196a1d32,4,"1,4,11,14"
col1_t11,9,4,208,3243f6a8885a308d313198a2e0370734,2b7e151628aed2a6abf7158809cf4f3c,3925841d02dc09fbdc118597196a0b32,3936841dccdc09fbdc118519196a1f32,4,"1,4,11,14"
col1_t12,9,4,223,3243f6a8885a308d313198a2e0370734,2b7e151628aed2a6abf7158809cf4f3c,3925841d02dc09fbdc118597196a0b32,3959841d43dc09fbdc118503196a8332,4,"1,4,11,14"
col1_t13,9,4,2,3243f6a8885a308d313198a2e0370734,2b7e151628aed2a6abf7158809cf4f3c,3925841d02dc09fbdc118597196a0b32,3979841d75dc09fbdc1185cf196a0a32,4,"1,4,11,14"
col1_t14,9,4,195,3243f6a8885a308d313198a2e0370734,2b7e151628aed2a6abf7158809cf4f3c,3925841d02dc09fbdc118597196a0b32,39b6841d0edc09fbdc1185a9196af232,4,"1,4,11,14"
col1_t15,9,4,207,3243f6a8885a308d313198a2e0370734,2b7e151628aed2a6abf7158809cf4f3c,3925841d02dc09fbdc118597196a0b32,393a841d8fdc09fbdc11850a196a0f32,4,"1,4,11,14"
col1_t16,9,4,41,3243f6a8885a308d313198a2e0370734,2b7e151628aed2a6abf7158809cf4f3c,3925841d02dc09fbdc118597196a0b32,39e6841d1edc09fbdc1185e5196ac532,4,"1,4,11,14"
col1_t17,9,4,179,3243f6a8885a308d313198a2e0370734,2b7e151628aed2a6abf7158809cf4f3c,3925841d02dc09fbdc118597196a0b32,3989841d16dc09fbdc118531196af732,4,"1,4,11,14"
col1_t18,9,4,109,3243f6a8885a308d313198a2e0370734,2b7e151628aed2a6abf7158809cf4f3c,3925841d02dc09fbdc118597196a0b32,392b841d4ddc09fbdc118526196acf32,4,"1,4,11,14"
col1_t19,9,4,88,3243f6a8885a308d313198a2e0370734,2b7e151628aed2a6abf7158809cf4f3c,3925841d02dc09fbdc118597196a0b32,3984841deadc09fbdc118593196ac132,4,"1,4,11,14"
col1_t20,9,4,72,3243f6a8885a308d313198a2e0370734,2b7e151628aed2a6abf7158809cf4f3c,3925841d02dc09fbdc118597196a0b32,39f2841d76dc09fbdc118541196a1d32,4,"1,4,11,14"
col1_t21,9,4,40,3243f6a8885a308d313198a2e0370734,2b7e151628aed2a6abf7158809cf4f3c,3925841d02dc09fbdc118597196a0b32,3981841dd2dc09fbdc11856a196ae632,4,"1,4,11,14"
col1_t22,9,4,56,3243f6a8885a308d313198a2e0370734,2b7e151628aed2a6abf7158809cf4f3c,3925841d02dc09fbdc118597196a0b32,398e841db6dc09fbdc1185b1196af132,4,"1,4,11,14"
col1_t23,9,4,246,3243f6a8885a308d313198a2e0370734,2b7e151628aed2a6abf7158809cf4f3c,3925841d02dc09fbdc118597196a0b32,39e8841db0dc09fbdc1185c9196a1632,4,"1,4,11,14"
col1_t24,9,4,196,3243f6a8885a308d313198a2e0370734,2b7e151628aed2a6abf7158809cf4f3c,3925841d02dc09fbdc118597196a0b32,3927841d14dc09fbdc118582196a5d32,4,"1,4,11,14"
col2_t0,9,8,87,3243f6a8885a308d313198a2e0370734,2b7e151628aed2a6abf7158809cf4f3c,3925841d02dc09fbdc118597196a0b32,3925061d026409fbba118597196a0b5a,4,"2,5,8,15"
col2_t1,9,8,27,3243f6a8885a308d313198a2e0370734,2b7e151628aed2a6abf7158809cf4f3c,3925841d02dc09fbdc118597196a0b32,39256c1d022e09fb2f118597196a0b14,4,"2,5,8,15"
col2_t2,9,8,24,3243f6a8885a308d313198a2e0370734,2b7e151628aed2a6abf7158809cf4f3c,3925841d02dc09fbdc118597196a0b32,3925cb1d029309fb5e118597196a0b43,4,"2,5,8,15"
col2_t3,9,8,98,3243f6a8885a308d313198a2e0370734,2b7e151628aed2a6abf7158809cf4f3c,3925841d02dc09fbdc118597196a0b32,3925ed1d024b09fb2c118597196a0be5,4,"2,5,8,15"
col2_t4,9,8,25,3243f6a8885a308d313198a2e0370734,2b7e151628aed2a6abf7158809cf4f3c,3925841d02dc09fbdc118597196a0b32,3925d61d025e09fb26118597196a0bc5,4,"2,5,8,15"
col2_t5,9,8,92,3243f6a8885a308d313198a2e0370734,2b7e151628aed2a6abf7158809cf4f3c,3925841d02dc09fbdc118597196a0b32,3925d01d025509fb77118597196a0bc9,4,"2,5,8,15"
col2_t6,9,8,217,3243f6a8885a308d313198a2e0370734,2b7e151628aed2a6abf7158809cf4f3c,3925841d02dc09fbdc118597196a0b32,39251b1d024909fb58118597196a0b7d,4,"2,5,8,15"
col2_t7,9,8,89,3243f6a8885a308d313198a2e0370734,2b7e151628aed2a6abf7158809cf4f3c,3925841d02dc09fbdc118597196a0b32,39252c1d022b09fb67118597196a0be1,4,"2,5,8,15"
col2_t8,9,8,155,3243f6a8885a308d313198a2e0370734,2b7e151628aed2a6abf7158809cf4f3c,3925841d02dc09fbdc118597196a0b32,3925201d02b509fbf1118597196a0b28,4,"2,5,8,15"
col2_t9,9,8,68,3243f6a8885a308d313198a2e0370734,2b7e151628aed2a6abf7158809cf4f3c,3925841d02dc09fbdc118597196a0b32,3925f31d026c09fb6d118597196a0bd7,4,"2,5,8,15"
col2_t10,9,8,207,3243f6a8885a308d313198a2e0370734,2b7e151628aed2a6abf7158809cf4f3c,3925841d02dc09fbdc118597196a0b32,3925701d02e709fbe1118597196a0b38,4,"2,5,8,15"
col2_t11,9,8,12,3243f6a8885a308d313198a2e0370734,2b7e151628aed2a6abf7158809cf4f3c,3925841d02dc09fbdc118597196a0b32,3925a51d02b709fba0118597196a0b11,4,"2,5,8,15"
col2_t12,9,8,187,3243f6a8885a308d313198a2e0370734,2b7e151628aed2a6abf7158809cf4f3c,3925841d02dc09fbdc118597196a0b32,3925e31d024f09fb10118597196a0b56,4,"2,5,8,15"
col2_t13,9,8,118,3243f6a8885a308d313198a2e0370734,2b7e151628aed2a6abf7158809cf4f3c,3925841d02dc09fbdc118597196a0b32,3925df1d026f09fb08118597196a0b0f,4,"2,5,8,15"
col2_t14,9,8,138,3243f6a8885a308d313198a2e0370734,2b7e151628aed2a6abf7158809cf4f3c,3925841d02dc09fbdc118597196a0b32,3925f51d022d09fb6c118597196a0b70,4,"2,5,8,15"
col2_t15,9,8,32,3243f6a8885a308d313198a2e0370734,2b7e151628aed2a6abf7158809cf4f3c,3925841d02dc09fbdc118597196a0b32,3925fd1d02fd09fb5c118597196a0bb5,4,"2,5,8,15"
col2_t16,9,8,250,3243f6a8885a308d313198a2e0370734,2b7e151628aed2a6abf7158809cf4f3c,3925841d02dc09fbdc118597196a0b32,39256e1d027409fb84118597196a0bfc,4,"2,5,8,15"
col2_t17,9,8,237,3243f6a8885a308d313198a2e0370734,2b7e151628aed2a6abf7158809cf4f3c,3925841d02dc09fbdc118597196a0b32,3925411d02da09fbf2118597196a0b23,4,"2,5,8,15"
col2_t18,9,8,97,3243f6a8885a308d313198a2e0370734,2b7e151628aed2a6abf7158809cf4f3c,3925841d02dc09fbdc118597196a0b32,3925681d029c09fbc9118597196a0b81,4,"2,5,8,15"
col2_t19,9,8,21,3243f6a8885a308d313198a2e0370734,2b7e151628aed2a6abf7158809cf4f3c,3925841d02dc09fbdc118597196a0b32,39258f1d029409fb8c118597196a0b88,4,"2,5,8,15"
col2_t20,9,8,142,3243f6a8885a308d313198a2e0370734,2b7e151628aed2a6abf7158809cf4f3c,3925841d02dc09fbdc118597196a0b32,3925501d028509fb80118597196a0b6c,4,"2,5,8,15"
col2_t21,9,8,76,3243f6a8885a308d313198a2e0370734,2b7e151628aed2a6abf7158809cf4f3c,3925841d02dc09fbdc118597196a0b32,3925f61d02d509fbe8118597196a0bba,4,"2,5,8,15"
col2_t22,9,8,213,3243f6a8885a308d313198a2e0370734,2b7e151628aed2a6abf7158809cf4f3c,3925841d02dc09fbdc118597196a0b32,3925af1d02c509fbfd118597196a0bd1,4,"2,5,8,15"
col2_t23,9,8,161,3243f6a8885a308d313198a2e0370734,2b7e151628aed2a6abf7158809cf4f3c,3925841d02dc09fbdc118597196a0b32,3925d51d026209fb44118597196a0b5c,4,"2,5,8,15"
col2_t24,9,8,159,3243f6a8885a308d313198a2e0370734,2b7e151628aed2a6abf7158809cf4f3c,3925841d02dc09fbdc118597196a0b32,3925761d029609fb52118597196a0b06,4,"2,5,8,15"
col3_t0,9,12,227,3243f6a8885a308d313198a2e0370734,2b7e151628aed2a6abf7158809cf4f3c,3925841d02dc09fbdc118597196a0b32,3925849702dcabfbdcba8597e46a0b32,4,"3,6,9,12"
col3_t1,9,12,221,3243f6a8885a308d313198a2e0370734,2b7e151628aed2a6abf7158809cf4f3c,3925841d02dc09fbdc118597196a0b32,3925842302dc2dfbdc8d85979b6a0b32,4,"3,6,9,12"
col3_t2,9,12,93,3243f6a8885a308d313198a2e0370734,2b7e151628aed2a6abf7158809cf4f3c,3925841d02dc09fbdc118597196a0b32,392584ce02dca8fbdca98597786a0b32,4,"3,6,9,12"
col3_t3,9,12,148,3243f6a8885a308d313198a2e0370734,2b7e151628aed2a6abf7158809cf4f3c,3925841d02dc09fbdc118597196a0b32,392584fd02dc7efbdcc98597716a0b32,4,"3,6,9,12"
col3_t4,9,12,50,3243f6a8885a308d313198a2e0370734,2b7e151628aed2a6abf7158809cf4f3c,3925841d02dc09fbdc118597196a0b32,392584c802dc35fbdc6b8597336a0b32,4,"3,6,9,12"
col3_t5,9,12,181,3243f6a8885a308d313198a2e0370734,2b7e151628aed2a6abf7158809cf4f3c,3925841d02dc09fbdc118597196a0b32,392584b802dc1bfbdc6c8597416a0b32,4,"3,6,9,12"
col3_t6,9,12,18,3243f6a8885a308d313198a2e0370734,2b7e151628aed2a6abf7158809cf4f3c,3925841d02dc09fbdc118597196a0b32,392584a502dc69fbdcb98597896a0b32,4,"3,6,9,12"
col3_t7,9,12,12,3243f6a8885a308d313198a2e0370734,2b7e151628aed2a6abf7158809cf4f3c,3925841d02dc09fbdc118597196a0b32,392584bb02dc65fbdc328597976a0b32,4,"3,6,9,12"
col3_t8,9,12,170,3243f6a8885a308d313198a2e0370734,2b7e151628aed2a6abf7158809cf4f3c,3925841d02dc09fbdc118597196a0b32,3925842c02dc9ffbdcbc8597446a0b32,4,"3,6,9,12"
col3_t9,9,12,59,3243f6a8885a308d313198a2e0370734,2b7e151628aed2a6abf7158809cf4f3c,3925841d02dc09fbdc118597196a0b32,3925844602dc04fbdc1285974f6a0b32,4,"3,6,9,12"
col3_t10,9,12,198,3243f6a8885a308d313198a2e0370734,2b7e151628aed2a6abf7158809cf4f3c,3925841d02dc09fbdc118597196a0b32,392584f002dcaffbdc108597146a0b32,4,"3,6,9,12"
col3_t11,9,12,75,3243f6a8885a308d313198a2e0370734,2b7e151628aed2a6abf7158809cf4f3c,3925841d02dc09fbdc118597196a0b32,392584ea02dc7dfbdca18597906a0b32,4,"3,6,9,12"
col3_t12,9,12,253,3243f6a8885a308d313198a2e0370734,2b7e151628aed2a6abf7158809cf4f3c,3925841d02dc09fbdc118597196a0b32,392584d102dcdcfbdca48597556a0b32,4,"3,6,9,12"
col3_t13,9,12,21,3243f6a8885a308d313198a2e0370734,2b7e151628aed2a6abf7158809cf4f3c,3925841d02dc09fbdc118597196a0b32,392584d802dcf0fbdc2785979e6a0b32,4,"3,6,9,12"
col3_t14,9,12,219,3243f6a8885a308d313198a2e0370734,2b7e151628aed2a6abf7158809cf4f3c,3925841d02dc09fbdc118597196a0b32,392584ee02dc78fbdcc18597bd6a0b32,4,"3,6,9,12"
col3_t15,9,12,60,3243f6a8885a308d313198a2e0370734,2b7e151628aed2a6abf7158809cf4f3c,3925841d02dc09fbdc118597196a0b32,392584d602dcc9fbdc488597a56a0b32,4,"3,6,9,12"
col3_t16,9,12,222,3243f6a8885a308d313198a2e0370734,2b7e151628aed2a6abf7158809cf4f3c,3925841d02dc09fbdc118597196a0b32,3925844a02dcebfbdc038597fc6a0b32,4,"3,6,9,12"
col3_t17,9,12,26,3243f6a8885a308d313198a2e0370734,2b7e151628aed2a6abf7158809cf4f3c,3925841d02dc09fbdc118597196a0b32,392584c702dc8efbdc4c85975a6a0b32,4,"3,6,9,12"
col3_t18,9,12,98,3243f6a8885a308d313198a2e0370734,2b7e151628aed2a6abf7158809cf4f3c,3925841d02dc09fbdc118597196a0b32,392584a602dca6fbdc858597126a0b32,4,"3,6,9,12"
col3_t19,9,12,72,3243f6a8885a308d313198a2e0370734,2b7e151628aed2a6abf7158809cf4f3c,3925841d02dc09fbdc118597196a0b32,3925843902dc60fbdc218597326a0b32,4,"3,6,9,12"
col3_t20,9,12,117,3243f6a8885a308d313198a2e0370734,2b7e151628aed2a6abf7158809cf4f3c,3925841d02dc09fbdc118597196a0b32,392584be02dceefbdc5e85976e6a0b32,4,"3,6,9,12"
col3_t21,9,12,163,3243f6a8885a308d313198a2e0370734,2b7e151628aed2a6abf7158809cf4f3c,3925841d02dc09fbdc118597196a0b32,392584e802dcb6fbdc3585970f6a0b32,4,"3,6,9,12"
col3_t22,9,12,214,3243f6a8885a308d313198a2e0370734,2b7e151628aed2a6abf7158809cf4f3c,3925841d02dc09fbdc118597196a0b32,392584e202dc22fbdc698597696a0b32,4,"3,6,9,12"
col3_t23,9,12,94,3243f6a8885a308d313198a2e0370734,2b7e151628aed2a6abf7158809cf4f3c,3925841d02dc09fbdc118597196a0b32,3925844802dc75fbdc6a8597166a0b32,4,"3,6,9,12"
col3_t24,9,12,42,3243f6a8885a308d313198a2e0370734,2b7e151628aed2a6abf7158809cf4f3c,3925841d02dc09fbdc118597196a0b32,392584a702dcb4fbdce78597306a0b32,4,"3,6,9,12"
