trial,instr,mask,golden_ct,faulty_ct,diff_count,diff_positions,dfa_column
golden,-1,0,3925841d02dc09fbdc118597196a0b32,3925841d02dc09fbdc118597196a0b32,0,,-1
i3700_m01,3700,1,3925841d02dc09fbdc118597196a0b32,4a25841d02dc0918dc11d29719520b32,4,"0,7,10,13",0
i3700_m02,3700,2,3925841d02dc09fbdc118597196a0b32,b625841d02dc0909dc11249719290b32,4,"0,7,10,13",0
i3700_m04,3700,4,3925841d02dc09fbdc118597196a0b32,3425841d02dc0936dc11409719bc0b32,4,"0,7,10,13",0
i3700_m08,3700,8,3925841d02dc09fbdc118597196a0b32,d325841d02dc09fcdc11599719ac0b32,4,"0,7,10,13",0
i3700_m10,3700,16,3925841d02dc09fbdc118597196a0b32,9925841d02dc0986dc11669719e40b32,4,"0,7,10,13",0
i3700_m20,3700,32,3925841d02dc09fbdc118597196a0b32,9725841d02dc0943dc117097190e0b32,4,"0,7,10,13",0
i3700_m40,3700,64,3925841d02dc09fbdc118597196a0b32,aa25841d02dc0972dc113997191c0b32,4,"0,7,10,13",0
i3700_m80,3700,128,3925841d02dc09fbdc118597196a0b32,fd25841d02dc09f7dc11f99719c50b32,4,"0,7,10,13",0
i3704_m01,3704,1,3925841d02dc09fbdc118597196a0b32,3925391d028c09fbbc118597196a0b5e,4,"2,5,8,15",2
i3704_m02,3704,2,3925841d02dc09fbdc118597196a0b32,3925631d026609fb0f118597196a0b40,4,"2,5,8,15",2
i3704_m04,3704,4,3925841d02dc09fbdc118597196a0b32,3925141d029609fb83118597196a0b60,4,"2,5,8,15",2
i3704_m08,3704,8,3925841d02dc09fbdc118597196a0b32,39253f1d022e09fb19118597196a0bfb,4,"2,5,8,15",2
i3704_m10,3704,16,3925841d02dc09fbdc118597196a0b32,3925fa1d021c09fb7a118597196a0bf9,4,"2,5,8,15",2
i3704_m20,3704,32,3925841d02dc09fbdc118597196a0b32,3925a51d026a09fbdf118597196a0bdc,4,"2,5,8,15",2
i3704_m40,3704,64,3925841d02dc09fbdc118597196a0b32,3925b01d025409fbad118597196a0b61,4,"2,5,8,15",2
i3704_m80,3704,128,3925841d02dc09fbdc118597196a0b32,3925991d02c609fb41118597196a0b57,4,"2,5,8,15",2
i3708_m01,3708,1,3925841d02dc09fbdc118597196a0b32,3925391d028c09fbbc118597196a0b5e,4,"2,5,8,15",2
i3708_m02,3708,2,3925841d02dc09fbdc118597196a0b32,3925631d026609fb0f118597196a0b40,4,"2,5,8,15",2
i3708_m04,3708,4,3925841d02dc09fbdc118597196a0b32,3925141d029609fb83118597196a0b60,4,"2,5,8,15",2
i3708_m08,3708,8,3925841d02dc09fbdc118597196a0b32,39253f1d022e09fb19118597196a0bfb,4,"2,5,8,15",2
i3708_m10,3708,16,3925841d02dc09fbdc118597196a0b32,3925fa1d021c09fb7a118597196a0bf9,4,"2,5,8,15",2
i3708_m20,3708,32,3925841d02dc09fbdc118597196a0b32,3925a51d026a09fbdf118597196a0bdc,4,"2,5,8,15",2
i3708_m40,3708,64,3925841d02dc09fbdc118597196a0b32,3925b01d025409fbad118597196a0b61,4,"2,5,8,15",2
i3708_m80,3708,128,3925841d02dc09fbdc118597196a0b32,3925991d02c609fb41118597196a0b57,4,"2,5,8,15",2
i3712_m01,3712,1,3925841d02dc09fbdc118597196a0b32,4a25841d02dc0918dc11d29719520b32,4,"0,7,10,13",0
i3712_m02,3712,2,3925841d02dc09fbdc118597196a0b32,b625841d02dc0909dc11249719290b32,4,"0,7,10,13",0
i3712_m04,3712,4,3925841d02dc09fbdc118597196a0b32,3425841d02dc0936dc11409719bc0b32,4,"0,7,10,13",0
i3712_m08,3712,8,3925841d02dc09fbdc118597196a0b32,d325841d02dc09fcdc11599719ac0b32,4,"0,7,10,13",0
i3712_m10,3712,16,3925841d02dc09fbdc118597196a0b32,9925841d02dc0986dc11669719e40b32,4,"0,7,10,13",0
i3712_m20,3712,32,3925841d02dc09fbdc118597196a0b32,9725841d02dc0943dc117097190e0b32,4,"0,7,10,13",0
i3712_m40,3712,64,3925841d02dc09fbdc118597196a0b32,aa25841d02dc0972dc113997191c0b32,4,"0,7,10,13",0
i3712_m80,3712,128,3925841d02dc09fbdc118597196a0b32,fd25841d02dc09f7dc11f99719c50b32,4,"0,7,10,13",0
i3716_m01,3716,1,3925841d02dc09fbdc118597196a0b32,3925391d028c09fbbc118597196a0b5e,4,"2,5,8,15",2
i3716_m02,3716,2,3925841d02dc09fbdc118597196a0b32,3925631d026609fb0f118597196a0b40,4,"2,5,8,15",2
i3716_m04,3716,4,3925841d02dc09fbdc118597196a0b32,3925141d029609fb83118597196a0b60,4,"2,5,8,15",2
i3716_m08,3716,8,3925841d02dc09fbdc118597196a0b32,39253f1d022e09fb19118597196a0bfb,4,"2,5,8,15",2
i3716_m10,3716,16,3925841d02dc09fbdc118597196a0b32,3925fa1d021c09fb7a118597196a0bf9,4,"2,5,8,15",2
i3716_m20,3716,32,3925841d02dc09fbdc118597196a0b32,3925a51d026a09fbdf118597196a0bdc,4,"2,5,8,15",2
i3716_m40,3716,64,3925841d02dc09fbdc118597196a0b32,3925b01d025409fbad118597196a0b61,4,"2,5,8,15",2
i3716_m80,3716,128,3925841d02dc09fbdc118597196a0b32,3925991d02c609fb41118597196a0b57,4,"2,5,8,15",2
i3720_m01,3720,1,3925841d02dc09fbdc118597196a0b32,4a25841d02dc0918dc11d29719520b32,4,"0,7,10,13",0
i3720_m02,3720,2,3925841d02dc09fbdc118597196a0b32,b625841d02dc0909dc11249719290b32,4,"0,7,10,13",0
i3720_m04,3720,4,3925841d02dc09fbdc118597196a0b32,3425841d02dc0936dc11409719bc0b32,4,"0,7,10,13",0
i3720_m08,3720,8,3925841d02dc09fbdc118597196a0b32,d325841d02dc09fcdc11599719ac0b32,4,"0,7,10,13",0
i3720_m10,3720,16,3925841d02dc09fbdc118597196a0b32,9925841d02dc0986dc11669719e40b32,4,"0,7,10,13",0
i3720_m20,3720,32,3925841d02dc09fbdc118597196a0b32,9725841d02dc0943dc117097190e0b32,4,"0,7,10,13",0
i3720_m40,3720,64,3925841d02dc09fbdc118597196a0b32,aa25841d02dc0972dc113997191c0b32,4,"0,7,10,13",0
i3720_m80,3720,128,3925841d02dc09fbdc118597196a0b32,fd25841d02dc09f7dc11f99719c50b32,4,"0,7,10,13",0
i3724_m01,3724,1,3925841d02dc09fbdc118597196a0b32,396f841d5bdc09fbdc1185d5196a8832,4,"1,4,11,14",1
i3724_m02,3724,2,3925841d02dc09fbdc118597196a0b32,39e5841d83dc09fbdc1185d1196a9632,4,"1,4,11,14",1
i3724_m04,3724,4,3925841d02dc09fbdc118597196a0b32,39b0841dcbdc09fbdc118550196a3032,4,"1,4,11,14",1
i3724_m08,3724,8,3925841d02dc09fbdc118597196a0b32,3905841debdc09fbdc1185a3196a9e32,4,"1,4,11,14",1
i3724_m10,3724,16,3925841d02dc09fbdc118597196a0b32,390e841dd1dc09fbdc118590196a7f32,4,"1,4,11,14",1
i3724_m20,3724,32,3925841d02dc09fbdc118597196a0b32,39a1841dcfdc09fbdc11854d196ac032,4,"1,4,11,14",1
i3724_m40,3724,64,3925841d02dc09fbdc118597196a0b32,397a841deadc09fbdc1185c8196a9b32,4,"1,4,11,14",1
i3724_m80,3724,128,3925841d02dc09fbdc118597196a0b32,3919841d96dc09fbdc1185f7196a1732,4,"1,4,11,14",1
i3728_m04,3728,4,3925841d02dc09fbdc118597196a0b32,6d65bc87f0ec387803def405ff8ebefd,16,"0,1,2,3,4,5,6,7,8,9,10,11,12,13,14,15",-1
i3728_m08,3728,8,3925841d02dc09fbdc118597196a0b32,8778da7b7e7c4c646c4de9b7a0b0593f,16,"0,1,2,3,4,5,6,7,8,9,10,11,12,13,14,15",-1
i3732_m01,3732,1,3925841d02dc09fbdc118597196a0b32,42bd36f198be2bf6bbbe1bd030cf3e95,16,"0,1,2,3,4,5,6,7,8,9,10,11,12,13,14,15",-1
i3732_m02,3732,2,3925841d02dc09fbdc118597196a0b32,ea79dbbf7568bef9a3d4e7cf99a50a02,16,"0,1,2,3,4,5,6,7,8,9,10,11,12,13,14,15",-1
i3732_m04,3732,4,3925841d02dc09fbdc118597196a0b32,161c04eb19b4b384b148ccb9236fdf85,16,"0,1,2,3,4,5,6,7,8,9,10,11,12,13,14,15",-1
i3732_m08,3732,8,3925841d02dc09fbdc118597196a0b32,5587f8494ab6d2557315dea813e014d1,16,"0,1,2,3,4,5,6,7,8,9,10,11,12,13,14,15",-1
i3732_m10,3732,16,3925841d02dc09fbdc118597196a0b32,8ae38eaaf20a80edbef5dc16bcb1083f,16,"0,1,2,3,4,5,6,7,8,9,10,11,12,13,14,15",-1
i3732_m20,3732,32,3925841d02dc09fbdc118597196a0b32,c993cf18bd8057ae49f732ae200cbcbe,16,"0,1,2,3,4,5,6,7,8,9,10,11,12,13,14,15",-1
i3732_m40,3732,64,3925841d02dc09fbdc118597196a0b32,b9d2e534a920832655416481b5b53259,16,"0,1,2,3,4,5,6,7,8,9,10,11,12,13,14,15",-1
i3732_m80,3732,128,3925841d02dc09fbdc118597196a0b32,12f851ce64fe2c7f50858c8d147c26fc,16,"0,1,2,3,4,5,6,7,8,9,10,11,12,13,14,15",-1
i3736_m01,3736,1,3925841d02dc09fbdc118597196a0b32,3988841deedc09fbdc11857d196a6b32,4,"1,4,11,14",1
i3736_m02,3736,2,3925841d02dc09fbdc118597196a0b32,3902841d28dc09fbdc118506196a1232,4,"1,4,11,14",1
i3736_m04,3736,4,3925841d02dc09fbdc118597196a0b32,39fa841db8dc09fbdc118592196a7f32,4,"1,4,11,14",1
i3736_m08,3736,8,3925841d02dc09fbdc118597196a0b32,39aa841d01dc09fbdc118565196a2532,4,"1,4,11,14",1
i3736_m10,3736,16,3925841d02dc09fbdc118597196a0b32,39c5841d95dc09fbdc1185a3196aac32,4,"1,4,11,14",1
i3736_m20,3736,32,3925841d02dc09fbdc118597196a0b32,39cf841d7edc09fbdc1185e1196aab32,4,"1,4,11,14",1
i3736_m40,3736,64,3925841d02dc09fbdc118597196a0b32,39ae841dc2dc09fbdc11855d196afa32,4,"1,4,11,14",1
i3736_m80,3736,128,3925841d02dc09fbdc118597196a0b32,39f8841d64dc09fbdc11858d196a2632,4,"1,4,11,14",1
i3740_m01,3740,1,3925841d02dc09fbdc118597196a0b32,3925849702dc8cfbdc478597786a0b32,4,"3,6,9,12",3
i3740_m02,3740,2,3925841d02dc09fbdc118597196a0b32,3925847202dc24fbdc888597db6a0b32,4,"3,6,9,12",3
i3740_m04,3740,4,3925841d02dc09fbdc118597196a0b32,392584b502dc9bfbdc318597466a0b32,4,"3,6,9,12",3
i3740_m08,3740,8,3925841d02dc09fbdc118597196a0b32,392584e902dc62fbdc458597716a0b32,4,"3,6,9,12",3
i3740_m10,3740,16,3925841d02dc09fbdc118597196a0b32,392584fc02dcb9fbdc088597ae6a0b32,4,"3,6,9,12",3
i3740_m20,3740,32,3925841d02dc09fbdc118597196a0b32,3925841802dc57fbdcf78597206a0b32,4,"3,6,9,12",3
i3740_m40,3740,64,3925841d02dc09fbdc118597196a0b32,3925843402dc83fbdc418597b56a0b32,4,"3,6,9,12",3
i3740_m80,3740,128,3925841d02dc09fbdc118597196a0b32,392584b802dc4efbdcda8597636a0b32,4,"3,6,9,12",3
i3744_m01,3744,1,3925841d02dc09fbdc118597196a0b32,39bd841d98dc09fbdc1185d0196a3e32,4,"1,4,11,14",1
i3744_m02,3744,2,3925841d02dc09fbdc118597196a0b32,3979841d75dc09fbdc1185cf196a0a32,4,"1,4,11,14",1
i3744_m04,3744,4,3925841d02dc09fbdc118597196a0b32,391c841d19dc09fbdc1185b9196adf32,4,"1,4,11,14",1
i3744_m08,3744,8,3925841d02dc09fbdc118597196a0b32,3987841d4adc09fbdc1185a8196a1432,4,"1,4,11,14",1
i3744_m10,3744,16,3925841d02dc09fbdc118597196a0b32,39e3841df2dc09fbdc118516196a0832,4,"1,4,11,14",1
i3744_m20,3744,32,3925841d02dc09fbdc118597196a0b32,3993841dbddc09fbdc1185ae196abc32,4,"1,4,11,14",1
i3744_m40,3744,64,3925841d02dc09fbdc118597196a0b32,39d2841da9dc09fbdc118581196a3232,4,"1,4,11,14",1
i3744_m80,3744,128,3925841d02dc09fbdc118597196a0b32,39f8841d64dc09fbdc11858d196a2632,4,"1,4,11,14",1
i3748_m01,3748,1,3925841d02dc09fbdc118597196a0b32,4225841d02dc09f6dc111b9719cf0b32,4,"0,7,10,13",0
i3748_m02,3748,2,3925841d02dc09fbdc118597196a0b32,ea25841d02dc09f9dc11e79719a50b32,4,"0,7,10,13",0
i3748_m04,3748,4,3925841d02dc09fbdc118597196a0b32,1625841d02dc0984dc11cc97196f0b32,4,"0,7,10,13",0
i3748_m08,3748,8,3925841d02dc09fbdc118597196a0b32,5525841d02dc0955dc11de9719e00b32,4,"0,7,10,13",0
i3748_m10,3748,16,3925841d02dc09fbdc118597196a0b32,8a25841d02dc09eddc11dc9719b10b32,4,"0,7,10,13",0
i3748_m20,3748,32,3925841d02dc09fbdc118597196a0b32,c925841d02dc09aedc113297190c0b32,4,"0,7,10,13",0
i3748_m40,3748,64,3925841d02dc09fbdc118597196a0b32,b925841d02dc0926dc11649719b50b32,4,"0,7,10,13",0
i3748_m80,3748,128,3925841d02dc09fbdc118597196a0b32,1225841d02dc097fdc118c97197c0b32,4,"0,7,10,13",0
i3752_m01,3752,1,3925841d02dc09fbdc118597196a0b32,3925849502dca9fbdc0b85979a6a0b32,4,"3,6,9,12",3
i3752_m02,3752,2,3925841d02dc09fbdc118597196a0b32,392584a502dc46fbdcdf8597366a0b32,4,"3,6,9,12",3
i3752_m04,3752,4,3925841d02dc09fbdc118597196a0b32,3925843202dcf9fbdc5785970d6a0b32,4,"3,6,9,12",3
i3752_m08,3752,8,3925841d02dc09fbdc118597196a0b32,392584f802dc1afbdc9d8597b06a0b32,4,"3,6,9,12",3
i3752_m10,3752,16,3925841d02dc09fbdc118597196a0b32,392584a302dc72fbdccf8597ed6a0b32,4,"3,6,9,12",3
i3752_m20,3752,32,3925841d02dc09fbdc118597196a0b32,392584b802dc4efbdcda8597636a0b32,4,"3,6,9,12",3
i3752_m40,3752,64,3925841d02dc09fbdc118597196a0b32,3925841d02dc09fbdc118597196a0b32,0,,-1
i3752_m80,3752,128,3925841d02dc09fbdc118597196a0b32,3925841d02dc09fbdc118597196a0b32,0,,-1
i3756_m01,3756,1,3925841d02dc09fbdc118597196a0b32,4225841d02dc09f6dc111b9719cf0b32,4,"0,7,10,13",0
i3756_m02,3756,2,3925841d02dc09fbdc118597196a0b32,ea25841d02dc09f9dc11e79719a50b32,4,"0,7,10,13",0
i3756_m04,3756,4,3925841d02dc09fbdc118597196a0b32,1625841d02dc0984dc11cc97196f0b32,4,"0,7,10,13",0
i3756_m08,3756,8,3925841d02dc09fbdc118597196a0b32,5525841d02dc0955dc11de9719e00b32,4,"0,7,10,13",0
i3756_m10,3756,16,3925841d02dc09fbdc118597196a0b32,8a25841d02dc09eddc11dc9719b10b32,4,"0,7,10,13",0
i3756_m20,3756,32,3925841d02dc09fbdc118597196a0b32,c925841d02dc09aedc113297190c0b32,4,"0,7,10,13",0
i3756_m40,3756,64,3925841d02dc09fbdc118597196a0b32,b925841d02dc0926dc11649719b50b32,4,"0,7,10,13",0
i3756_m80,3756,128,3925841d02dc09fbdc118597196a0b32,1225841d02dc097fdc118c97197c0b32,4,"0,7,10,13",0
i3760_m01,3760,1,3925841d02dc09fbdc118597196a0b32,39bd841d98dc09fbdc1185d0196a3e32,4,"1,4,11,14",1
i3760_m02,3760,2,3925841d02dc09fbdc118597196a0b32,3979841d75dc09fbdc1185cf196a0a32,4,"1,4,11,14",1
i3760_m04,3760,4,3925841d02dc09fbdc118597196a0b32,391c841d19dc09fbdc1185b9196adf32,4,"1,4,11,14",1
i3760_m08,3760,8,3925841d02dc09fbdc118597196a0b32,3987841d4adc09fbdc1185a8196a1432,4,"1,4,11,14",1
i3760_m10,3760,16,3925841d02dc09fbdc118597196a0b32,39e3841df2dc09fbdc118516196a0832,4,"1,4,11,14",1
i3760_m20,3760,32,3925841d02dc09fbdc118597196a0b32,3993841dbddc09fbdc1185ae196abc32,4,"1,4,11,14",1
i3760_m40,3760,64,3925841d02dc09fbdc118597196a0b32,39d2841da9dc09fbdc118581196a3232,4,"1,4,11,14",1
i3760_m80,3760,128,3925841d02dc09fbdc118597196a0b32,39f8841d64dc09fbdc11858d196a2632,4,"1,4,11,14",1
i3764_m01,3764,1,3925841d02dc09fbdc118597196a0b32,39bd841d98dc09fbdc1185d0196a3e32,4,"1,4,11,14",1
i3764_m02,3764,2,3925841d02dc09fbdc118597196a0b32,3979841d75dc09fbdc1185cf196a0a32,4,"1,4,11,14",1
i3764_m04,3764,4,3925841d02dc09fbdc118597196a0b32,391c841d19dc09fbdc1185b9196adf32,4,"1,4,11,14",1
i3764_m08,3764,8,3925841d02dc09fbdc118597196a0b32,3987841d4adc09fbdc1185a8196a1432,4,"1,4,11,14",1
i3764_m10,3764,16,3925841d02dc09fbdc118597196a0b32,39e3841df2dc09fbdc118516196a0832,4,"1,4,11,14",1
i3764_m20,3764,32,3925841d02dc09fbdc118597196a0b32,3993841dbddc09fbdc1185ae196abc32,4,"1,4,11,14",1
i3764_m40,3764,64,3925841d02dc09fbdc118597196a0b32,39d2841da9dc09fbdc118581196a3232,4,"1,4,11,14",1
i3764_m80,3764,128,3925841d02dc09fbdc118597196a0b32,39f8841d64dc09fbdc11858d196a2632,4,"1,4,11,14",1
i3768_m01,3768,1,3925841d02dc09fbdc118597196a0b32,3925db1d026809fba3118597196a0b02,4,"2,5,8,15",2
i3768_m02,3768,2,3925841d02dc09fbdc118597196a0b32,3925041d02b409fbb1118597196a0b85,4,"2,5,8,15",2
i3768_m04,3768,4,3925841d02dc09fbdc118597196a0b32,3925f81d02b609fb73118597196a0bd1,4,"2,5,8,15",2
i3768_m08,3768,8,3925841d02dc09fbdc118597196a0b32,39258e1d020a09fbbe118597196a0b3f,4,"2,5,8,15",2
i3768_m10,3768,16,3925841d02dc09fbdc118597196a0b32,3925cf1d028009fb49118597196a0bbe,4,"2,5,8,15",2
i3768_m20,3768,32,3925841d02dc09fbdc118597196a0b32,3925e51d022009fb55118597196a0b59,4,"2,5,8,15",2
i3768_m40,3768,64,3925841d02dc09fbdc118597196a0b32,3925841d02dc09fbdc118597196a0b32,0,,-1
i3768_m80,3768,128,3925841d02dc09fbdc118597196a0b32,3925841d02dc09fbdc118597196a0b32,0,,-1
i3772_m01,3772,1,3925841d02dc09fbdc118597196a0b32,3925f41d02de09fb72118597196a0b42,4,"2,5,8,15",2
i3772_m02,3772,2,3925841d02dc09fbdc118597196a0b32,3925361d02be09fbbb118597196a0b95,4,"2,5,8,15",2
i3772_m04,3772,4,3925841d02dc09fbdc118597196a0b32,3925db1d026809fba3118597196a0b02,4,"2,5,8,15",2
i3772_m08,3772,8,3925841d02dc09fbdc118597196a0b32,3925041d02b409fbb1118597196a0b85,4,"2,5,8,15",2
i3772_m10,3772,16,3925841d02dc09fbdc118597196a0b32,3925f81d02b609fb73118597196a0bd1,4,"2,5,8,15",2
i3772_m20,3772,32,3925841d02dc09fbdc118597196a0b32,39258e1d020a09fbbe118597196a0b3f,4,"2,5,8,15",2
i3772_m40,3772,64,3925841d02dc09fbdc118597196a0b32,3925cf1d028009fb49118597196a0bbe,4,"2,5,8,15",2
i3772_m80,3772,128,3925841d02dc09fbdc118597196a0b32,3925e51d022009fb55118597196a0b59,4,"2,5,8,15",2
i3776_m01,3776,1,3925841d02dc09fbdc118597196a0b32,3925f41d02de09fb72118597196a0b42,4,"2,5,8,15",2
i3776_m02,3776,2,3925841d02dc09fbdc118597196a0b32,3925361d02be09fbbb118597196a0b95,4,"2,5,8,15",2
i3776_m04,3776,4,3925841d02dc09fbdc118597196a0b32,3925db1d026809fba3118597196a0b02,4,"2,5,8,15",2
i3776_m08,3776,8,3925841d02dc09fbdc118597196a0b32,3925041d02b409fbb1118597196a0b85,4,"2,5,8,15",2
i3776_m10,3776,16,3925841d02dc09fbdc118597196a0b32,3925f81d02b609fb73118597196a0bd1,4,"2,5,8,15",2
i3776_m20,3776,32,3925841d02dc09fbdc118597196a0b32,39258e1d020a09fbbe118597196a0b3f,4,"2,5,8,15",2
i3776_m40,3776,64,3925841d02dc09fbdc118597196a0b32,3925cf1d028009fb49118597196a0bbe,4,"2,5,8,15",2
i3776_m80,3776,128,3925841d02dc09fbdc118597196a0b32,3925e51d022009fb55118597196a0b59,4,"2,5,8,15",2
i3780_m01,3780,1,3925841d02dc09fbdc118597196a0b32,3925f41d02de09fb72118597196a0b42,4,"2,5,8,15",2
i3780_m02,3780,2,3925841d02dc09fbdc118597196a0b32,3925361d02be09fbbb118597196a0b95,4,"2,5,8,15",2
i3780_m04,3780,4,3925841d02dc09fbdc118597196a0b32,3925db1d026809fba3118597196a0b02,4,"2,5,8,15",2
i3780_m08,3780,8,3925841d02dc09fbdc118597196a0b32,3925041d02b409fbb1118597196a0b85,4,"2,5,8,15",2
i3780_m10,3780,16,3925841d02dc09fbdc118597196a0b32,3925f81d02b609fb73118597196a0bd1,4,"2,5,8,15",2
i3780_m20,3780,32,3925841d02dc09fbdc118597196a0b32,39258e1d020a09fbbe118597196a0b3f,4,"2,5,8,15",2
i3780_m40,3780,64,3925841d02dc09fbdc118597196a0b32,3925cf1d028009fb49118597196a0bbe,4,"2,5,8,15",2
i3780_m80,3780,128,3925841d02dc09fbdc118597196a0b32,3925e51d022009fb55118597196a0b59,4,"2,5,8,15",2
i3784_m01,3784,1,3925841d02dc09fbdc118597196a0b32,39bd841d98dc09fbdc1185d0196a3e32,4,"1,4,11,14",1
i3784_m02,3784,2,3925841d02dc09fbdc118597196a0b32,3979841d75dc09fbdc1185cf196a0a32,4,"1,4,11,14",1
i3784_m04,3784,4,3925841d02dc09fbdc118597196a0b32,391c841d19dc09fbdc1185b9196adf32,4,"1,4,11,14",1
i3784_m08,3784,8,3925841d02dc09fbdc118597196a0b32,3987841d4adc09fbdc1185a8196a1432,4,"1,4,11,14",1
i3784_m10,3784,16,3925841d02dc09fbdc118597196a0b32,39e3841df2dc09fbdc118516196a0832,4,"1,4,11,14",1
i3784_m20,3784,32,3925841d02dc09fbdc118597196a0b32,3993841dbddc09fbdc1185ae196abc32,4,"1,4,11,14",1
i3784_m40,3784,64,3925841d02dc09fbdc118597196a0b32,39d2841da9dc09fbdc118581196a3232,4,"1,4,11,14",1
i3784_m80,3784,128,3925841d02dc09fbdc118597196a0b32,39f8841d64dc09fbdc11858d196a2632,4,"1,4,11,14",1
i3788_m01,3788,1,3925841d02dc09fbdc118597196a0b32,cad7c5ff0f700ac714f95a0d7669e6eb,16,"0,1,2,3,4,5,6,7,8,9,10,11,12,13,14,15",-1
i3788_m02,3788,2,3925841d02dc09fbdc118597196a0b32,89f6ff2ad61e1968512a55b3dea80451,16,"0,1,2,3,4,5,6,7,8,9,10,11,12,13,14,15",-1
i3788_m04,3788,4,3925841d02dc09fbdc118597196a0b32,5fe8a5f086b7e1cda0a839d0fa6ec811,16,"0,1,2,3,4,5,6,7,8,9,10,11,12,13,14,15",-1
i3788_m08,3788,8,3925841d02dc09fbdc118597196a0b32,6d6bcb77a493eb8e5e6ca23972868443,16,"0,1,2,3,4,5,6,7,8,9,10,11,12,13,14,15",-1
i3788_m10,3788,16,3925841d02dc09fbdc118597196a0b32,29f9c35841246057684e595209a231b3,16,"0,1,2,3,4,5,6,7,8,9,10,11,12,13,14,15",-1
i3788_m20,3788,32,3925841d02dc09fbdc118597196a0b32,a8cd6f6313f9599127142898d0d17cfb,16,"0,1,2,3,4,5,6,7,8,9,10,11,12,13,14,15",-1
i3788_m40,3788,64,3925841d02dc09fbdc118597196a0b32,9b019393ca69f19b454469c90fc6d926,16,"0,1,2,3,4,5,6,7,8,9,10,11,12,13,14,15",-1
i3788_m80,3788,128,3925841d02dc09fbdc118597196a0b32,b36320fa32b50f6ff126798707503d28,16,"0,1,2,3,4,5,6,7,8,9,10,11,12,13,14,15",-1
i3792_m01,3792,1,3925841d02dc09fbdc118597196a0b32,39d7841d0fdc09fbdc11850d196ae632,4,"1,4,11,14",1
i3792_m02,3792,2,3925841d02dc09fbdc118597196a0b32,39f6841dd6dc09fbdc1185b3196a0432,4,"1,4,11,14",1
i3792_m04,3792,4,3925841d02dc09fbdc118597196a0b32,39e8841d86dc09fbdc1185d0196ac832,4,"1,4,11,14",1
i3792_m08,3792,8,3925841d02dc09fbdc118597196a0b32,396b841da4dc09fbdc118539196a8432,4,"1,4,11,14",1
i3792_m10,3792,16,3925841d02dc09fbdc118597196a0b32,39f9841d41dc09fbdc118552196a3132,4,"1,4,11,14",1
i3792_m20,3792,32,3925841d02dc09fbdc118597196a0b32,39cd841d13dc09fbdc118598196a7c32,4,"1,4,11,14",1
i3792_m40,3792,64,3925841d02dc09fbdc118597196a0b32,3901841dcadc09fbdc1185c9196ad932,4,"1,4,11,14",1
i3792_m80,3792,128,3925841d02dc09fbdc118597196a0b32,3963841d32dc09fbdc118587196a3d32,4,"1,4,11,14",1
i3796_m01,3796,1,3925841d02dc09fbdc118597196a0b32,39f6841dd6dc09fbdc1185b3196a0432,4,"1,4,11,14",1
i3796_m02,3796,2,3925841d02dc09fbdc118597196a0b32,39e8841d86dc09fbdc1185d0196ac832,4,"1,4,11,14",1
i3796_m04,3796,4,3925841d02dc09fbdc118597196a0b32,396b841da4dc09fbdc118539196a8432,4,"1,4,11,14",1
i3796_m08,3796,8,3925841d02dc09fbdc118597196a0b32,39f9841d41dc09fbdc118552196a3132,4,"1,4,11,14",1
i3796_m10,3796,16,3925841d02dc09fbdc118597196a0b32,39cd841d13dc09fbdc118598196a7c32,4,"1,4,11,14",1
i3796_m20,3796,32,3925841d02dc09fbdc118597196a0b32,3901841dcadc09fbdc1185c9196ad932,4,"1,4,11,14",1
i3796_m40,3796,64,3925841d02dc09fbdc118597196a0b32,3925841d02dc09fbdc118597196a0b32,0,,-1
i3796_m80,3796,128,3925841d02dc09fbdc118597196a0b32,3925841d02dc09fbdc118597196a0b32,0,,-1
i3800_m01,3800,1,3925841d02dc09fbdc118597196a0b32,3925311d029509fba9118597196a0b04,4,"2,5,8,15",2
i3800_m02,3800,2,3925841d02dc09fbdc118597196a0b32,3925531d029e09fb18118597196a0b34,4,"2,5,8,15",2
i3800_m04,3800,4,3925841d02dc09fbdc118597196a0b32,3925d71d024d09fbe5118597196a0bc2,4,"2,5,8,15",2
i3800_m08,3800,8,3925841d02dc09fbdc118597196a0b32,3925fd1d02fd09fb5c118597196a0bb5,4,"2,5,8,15",2
i3800_m10,3800,16,3925841d02dc09fbdc118597196a0b32,3925161d028809fb49118597196a0b05,4,"2,5,8,15",2
i3800_m20,3800,32,3925841d02dc09fbdc118597196a0b32,3925ee1d027809fb8d118597196a0baf,4,"2,5,8,15",2
i3800_m40,3800,64,3925841d02dc09fbdc118597196a0b32,3925841d02dc09fbdc118597196a0b32,0,,-1
i3800_m80,3800,128,3925841d02dc09fbdc118597196a0b32,3925841d02dc09fbdc118597196a0b32,0,,-1
i3804_m01,3804,1,3925841d02dc09fbdc118597196a0b32,5f25841d02dc09cddc113997196e0b32,4,"0,7,10,13",0
i3804_m02,3804,2,3925841d02dc09fbdc118597196a0b32,3325841d02dc09e5dc110a9719ab0b32,4,"0,7,10,13",0
i3804_m04,3804,4,3925841d02dc09fbdc118597196a0b32,7825841d02dc0931dc11f497196d0b32,4,"0,7,10,13",0
i3804_m08,3804,8,3925841d02dc09fbdc118597196a0b32,5225841d02dc09e0dc11a897199f0b32,4,"0,7,10,13",0
i3804_m10,3804,16,3925841d02dc09fbdc118597196a0b32,9b25841d02dc099bdc11699719c60b32,4,"0,7,10,13",0
i3804_m20,3804,32,3925841d02dc09fbdc118597196a0b32,b325841d02dc096fdc11799719500b32,4,"0,7,10,13",0
i3804_m40,3804,64,3925841d02dc09fbdc118597196a0b32,3925841d02dc09fbdc118597196a0b32,0,,-1
i3804_m80,3804,128,3925841d02dc09fbdc118597196a0b32,3925841d02dc09fbdc118597196a0b32,0,,-1
i3808_m01,3808,1,3925841d02dc09fbdc118597196a0b32,39255d1d029709fb69118597196a0b40,4,"2,5,8,15",2
i3808_m02,3808,2,3925841d02dc09fbdc118597196a0b32,3925401d021709fb82118597196a0bef,4,"2,5,8,15",2
i3808_m04,3808,4,3925841d02dc09fbdc118597196a0b32,3925311d029509fba9118597196a0b04,4,"2,5,8,15",2
i3808_m08,3808,8,3925841d02dc09fbdc118597196a0b32,3925531d029e09fb18118597196a0b34,4,"2,5,8,15",2
i3808_m10,3808,16,3925841d02dc09fbdc118597196a0b32,3925d71d024d09fbe5118597196a0bc2,4,"2,5,8,15",2
i3808_m20,3808,32,3925841d02dc09fbdc118597196a0b32,3925fd1d02fd09fb5c118597196a0bb5,4,"2,5,8,15",2
i3808_m40,3808,64,3925841d02dc09fbdc118597196a0b32,3925161d028809fb49118597196a0b05,4,"2,5,8,15",2
i3808_m80,3808,128,3925841d02dc09fbdc118597196a0b32,3925ee1d027809fb8d118597196a0baf,4,"2,5,8,15",2
i3812_m01,3812,1,3925841d02dc09fbdc118597196a0b32,3987841d24dc09fbdc1185db196abe32,4,"1,4,11,14",1
i3812_m02,3812,2,3925841d02dc09fbdc118597196a0b32,39d7841d0fdc09fbdc11850d196ae632,4,"1,4,11,14",1
i3812_m04,3812,4,3925841d02dc09fbdc118597196a0b32,39f6841dd6dc09fbdc1185b3196a0432,4,"1,4,11,14",1
i3812_m08,3812,8,3925841d02dc09fbdc118597196a0b32,39e8841d86dc09fbdc1185d0196ac832,4,"1,4,11,14",1
i3812_m10,3812,16,3925841d02dc09fbdc118597196a0b32,396b841da4dc09fbdc118539196a8432,4,"1,4,11,14",1
i3812_m20,3812,32,3925841d02dc09fbdc118597196a0b32,39f9841d41dc09fbdc118552196a3132,4,"1,4,11,14",1
i3812_m40,3812,64,3925841d02dc09fbdc118597196a0b32,39cd841d13dc09fbdc118598196a7c32,4,"1,4,11,14",1
i3812_m80,3812,128,3925841d02dc09fbdc118597196a0b32,3901841dcadc09fbdc1185c9196ad932,4,"1,4,11,14",1
i3816_m01,3816,1,3925841d02dc09fbdc118597196a0b32,39255d1d029709fb69118597196a0b40,4,"2,5,8,15",2
i3816_m02,3816,2,3925841d02dc09fbdc118597196a0b32,3925401d021709fb82118597196a0bef,4,"2,5,8,15",2
i3816_m04,3816,4,3925841d02dc09fbdc118597196a0b32,3925311d029509fba9118597196a0b04,4,"2,5,8,15",2
i3816_m08,3816,8,3925841d02dc09fbdc118597196a0b32,3925531d029e09fb18118597196a0b34,4,"2,5,8,15",2
i3816_m10,3816,16,3925841d02dc09fbdc118597196a0b32,3925d71d024d09fbe5118597196a0bc2,4,"2,5,8,15",2
i3816_m20,3816,32,3925841d02dc09fbdc118597196a0b32,3925fd1d02fd09fb5c118597196a0bb5,4,"2,5,8,15",2
i3816_m40,3816,64,3925841d02dc09fbdc118597196a0b32,3925161d028809fb49118597196a0b05,4,"2,5,8,15",2
i3816_m80,3816,128,3925841d02dc09fbdc118597196a0b32,3925ee1d027809fb8d118597196a0baf,4,"2,5,8,15",2
i3820_m01,3820,1,3925841d02dc09fbdc118597196a0b32,ca25841d02dc09c7dc115a9719690b32,4,"0,7,10,13",0
i3820_m02,3820,2,3925841d02dc09fbdc118597196a0b32,8925841d02dc0968dc11559719a80b32,4,"0,7,10,13",0
i3820_m04,3820,4,3925841d02dc09fbdc118597196a0b32,5f25841d02dc09cddc113997196e0b32,4,"0,7,10,13",0
i3820_m08,3820,8,3925841d02dc09fbdc118597196a0b32,6d25841d02dc098edc11a29719860b32,4,"0,7,10,13",0
i3820_m10,3820,16,3925841d02dc09fbdc118597196a0b32,2925841d02dc0957dc11599719a20b32,4,"0,7,10,13",0
i3820_m20,3820,32,3925841d02dc09fbdc118597196a0b32,a825841d02dc0991dc11289719d10b32,4,"0,7,10,13",0
i3820_m40,3820,64,3925841d02dc09fbdc118597196a0b32,9b25841d02dc099bdc11699719c60b32,4,"0,7,10,13",0
i3820_m80,3820,128,3925841d02dc09fbdc118597196a0b32,b325841d02dc096fdc11799719500b32,4,"0,7,10,13",0
i3824_m01,3824,1,3925841d02dc09fbdc118597196a0b32,ca25841d02dc09c7dc115a9719690b32,4,"0,7,10,13",0
i3824_m02,3824,2,3925841d02dc09fbdc118597196a0b32,8925841d02dc0968dc11559719a80b32,4,"0,7,10,13",0
i3824_m04,3824,4,3925841d02dc09fbdc118597196a0b32,5f25841d02dc09cddc113997196e0b32,4,"0,7,10,13",0
i3824_m08,3824,8,3925841d02dc09fbdc118597196a0b32,6d25841d02dc098edc11a29719860b32,4,"0,7,10,13",0
i3824_m10,3824,16,3925841d02dc09fbdc118597196a0b32,2925841d02dc0957dc11599719a20b32,4,"0,7,10,13",0
i3824_m20,3824,32,3925841d02dc09fbdc118597196a0b32,a825841d02dc0991dc11289719d10b32,4,"0,7,10,13",0
i3824_m40,3824,64,3925841d02dc09fbdc118597196a0b32,9b25841d02dc099bdc11699719c60b32,4,"0,7,10,13",0
i3824_m80,3824,128,3925841d02dc09fbdc118597196a0b32,b325841d02dc096fdc11799719500b32,4,"0,7,10,13",0
i3828_m01,3828,1,3925841d02dc09fbdc118597196a0b32,39255d1d029709fb69118597196a0b40,4,"2,5,8,15",2
i3828_m02,3828,2,3925841d02dc09fbdc118597196a0b32,3925401d021709fb82118597196a0bef,4,"2,5,8,15",2
i3828_m04,3828,4,3925841d02dc09fbdc118597196a0b32,3925311d029509fba9118597196a0b04,4,"2,5,8,15",2
i3828_m08,3828,8,3925841d02dc09fbdc118597196a0b32,3925531d029e09fb18118597196a0b34,4,"2,5,8,15",2
i3828_m10,3828,16,3925841d02dc09fbdc118597196a0b32,3925d71d024d09fbe5118597196a0bc2,4,"2,5,8,15",2
i3828_m20,3828,32,3925841d02dc09fbdc118597196a0b32,3925fd1d02fd09fb5c118597196a0bb5,4,"2,5,8,15",2
i3828_m40,3828,64,3925841d02dc09fbdc118597196a0b32,3925161d028809fb49118597196a0b05,4,"2,5,8,15",2
i3828_m80,3828,128,3925841d02dc09fbdc118597196a0b32,3925ee1d027809fb8d118597196a0baf,4,"2,5,8,15",2
i3832_m01,3832,1,3925841d02dc09fbdc118597196a0b32,ca25841d02dc09c7dc115a9719690b32,4,"0,7,10,13",0
i3832_m02,3832,2,3925841d02dc09fbdc118597196a0b32,8925841d02dc0968dc11559719a80b32,4,"0,7,10,13",0
i3832_m04,3832,4,3925841d02dc09fbdc118597196a0b32,5f25841d02dc09cddc113997196e0b32,4,"0,7,10,13",0
i3832_m08,3832,8,3925841d02dc09fbdc118597196a0b32,6d25841d02dc098edc11a29719860b32,4,"0,7,10,13",0
i3832_m10,3832,16,3925841d02dc09fbdc118597196a0b32,2925841d02dc0957dc11599719a20b32,4,"0,7,10,13",0
i3832_m20,3832,32,3925841d02dc09fbdc118597196a0b32,a825841d02dc0991dc11289719d10b32,4,"0,7,10,13",0
i3832_m40,3832,64,3925841d02dc09fbdc118597196a0b32,9b25841d02dc099bdc11699719c60b32,4,"0,7,10,13",0
i3832_m80,3832,128,3925841d02dc09fbdc118597196a0b32,b325841d02dc096fdc11799719500b32,4,"0,7,10,13",0
i3836_m01,3836,1,3925841d02dc09fbdc118597196a0b32,39255d1d029709fb69118597196a0b40,4,"2,5,8,15",2
i3836_m02,3836,2,3925841d02dc09fbdc118597196a0b32,3925401d021709fb82118597196a0bef,4,"2,5,8,15",2
i3836_m04,3836,4,3925841d02dc09fbdc118597196a0b32,3925311d029509fba9118597196a0b04,4,"2,5,8,15",2
i3836_m08,3836,8,3925841d02dc09fbdc118597196a0b32,3925531d029e09fb18118597196a0b34,4,"2,5,8,15",2
i3836_m10,3836,16,3925841d02dc09fbdc118597196a0b32,3925d71d024d09fbe5118597196a0bc2,4,"2,5,8,15",2
i3836_m20,3836,32,3925841d02dc09fbdc118597196a0b32,3925fd1d02fd09fb5c118597196a0bb5,4,"2,5,8,15",2
i3836_m40,3836,64,3925841d02dc09fbdc118597196a0b32,3925161d028809fb49118597196a0b05,4,"2,5,8,15",2
i3836_m80,3836,128,3925841d02dc09fbdc118597196a0b32,3925ee1d027809fb8d118597196a0baf,4,"2,5,8,15",2
i3840_m01,3840,1,3925841d02dc09fbdc118597196a0b32,392584ff02dc0afbdcf98597766a0b32,4,"3,6,9,12",3
i3840_m02,3840,2,3925841d02dc09fbdc118597196a0b32,3925842a02dc19fbdc2a8597de6a0b32,4,"3,6,9,12",3
i3840_m04,3840,4,3925841d02dc09fbdc118597196a0b32,392584f002dce1fbdca88597fa6a0b32,4,"3,6,9,12",3
i3840_m08,3840,8,3925841d02dc09fbdc118597196a0b32,3925847702dcebfbdc6c8597726a0b32,4,"3,6,9,12",3
i3840_m10,3840,16,3925841d02dc09fbdc118597196a0b32,3925845802dc60fbdc4e8597096a0b32,4,"3,6,9,12",3
i3840_m20,3840,32,3925841d02dc09fbdc118597196a0b32,3925846302dc59fbdc148597d06a0b32,4,"3,6,9,12",3
i3840_m40,3840,64,3925841d02dc09fbdc118597196a0b32,3925849302dcf1fbdc4485970f6a0b32,4,"3,6,9,12",3
i3840_m80,3840,128,3925841d02dc09fbdc118597196a0b32,392584fa02dc0ffbdc268597076a0b32,4,"3,6,9,12",3
i3844_m04,3844,4,3925841d02dc09fbdc118597196a0b32,e16ad98fb0607e308a2df73e4e990e97,16,"0,1,2,3,4,5,6,7,8,9,10,11,12,13,14,15",-1
i3844_m08,3844,8,3925841d02dc09fbdc118597196a0b32,d8ec72b17f8ec0c56e57d5b7b6187083,16,"0,1,2,3,4,5,6,7,8,9,10,11,12,13,14,15",-1
i3848_m01,3848,1,3925841d02dc09fbdc118597196a0b32,ed76d229af6f5b94eb140c63d6d496b0,16,"0,1,2,3,4,5,6,7,8,9,10,11,12,13,14,15",-1
i3848_m02,3848,2,3925841d02dc09fbdc118597196a0b32,469fcb9345f300dfbb253110d568af5a,16,"0,1,2,3,4,5,6,7,8,9,10,11,12,13,14,15",-1
i3848_m04,3848,4,3925841d02dc09fbdc118597196a0b32,5c79b2eb701c10bd405592a7b35ac0a1,16,"0,1,2,3,4,5,6,7,8,9,10,11,12,13,14,15",-1
i3848_m08,3848,8,3925841d02dc09fbdc118597196a0b32,ff973d20d98ae10dc63e63fa94ba4cb6,16,"0,1,2,3,4,5,6,7,8,9,10,11,12,13,14,15",-1
i3848_m10,3848,16,3925841d02dc09fbdc118597196a0b32,f2473f03462733682fcc832c6c165c65,16,"0,1,2,3,4,5,6,7,8,9,10,11,12,13,14,15",-1
i3848_m20,3848,32,3925841d02dc09fbdc118597196a0b32,8770447242814399683f3eb525c0dbb4,16,"0,1,2,3,4,5,6,7,8,9,10,11,12,13,14,15",-1
i3848_m40,3848,64,3925841d02dc09fbdc118597196a0b32,f6cb64a416d2aaa31cb6c4eb00a788aa,16,"0,1,2,3,4,5,6,7,8,9,10,11,12,13,14,15",-1
i3848_m80,3848,128,3925841d02dc09fbdc118597196a0b32,83eee5154d148b06ff4a3a87f76cf6a2,16,"0,1,2,3,4,5,6,7,8,9,10,11,12,13,14,15",-1
i3852_m01,3852,1,3925841d02dc09fbdc118597196a0b32,3925849402dc38fbdcf08597b16a0b32,4,"3,6,9,12",3
i3852_m02,3852,2,3925841d02dc09fbdc118597196a0b32,3925846e02dc49fbdc2d8597096a0b32,4,"3,6,9,12",3
i3852_m04,3852,4,3925841d02dc09fbdc118597196a0b32,392584a802dc3afbdce985977f6a0b32,4,"3,6,9,12",3
i3852_m08,3852,8,3925841d02dc09fbdc118597196a0b32,392584e102dccbfbdc928597f86a0b32,4,"3,6,9,12",3
i3852_m10,3852,16,3925841d02dc09fbdc118597196a0b32,3925849602dc3ffbdc1a8597626a0b32,4,"3,6,9,12",3
i3852_m20,3852,32,3925841d02dc09fbdc118597196a0b32,392584cb02dcdbfbdc628597a16a0b32,4,"3,6,9,12",3
i3852_m40,3852,64,3925841d02dc09fbdc118597196a0b32,3925848d02dccffbdcbf85973f6a0b32,4,"3,6,9,12",3
i3852_m80,3852,128,3925841d02dc09fbdc118597196a0b32,3925841502dc8bfbdc4a8597f76a0b32,4,"3,6,9,12",3
i3856_m01,3856,1,3925841d02dc09fbdc118597196a0b32,39e0841d4fdc09fbdc1185b4196aa932,4,"1,4,11,14",1
i3856_m02,3856,2,3925841d02dc09fbdc118597196a0b32,396b841d15dc09fbdc1185e7196aa532,4,"1,4,11,14",1
i3856_m04,3856,4,3925841d02dc09fbdc118597196a0b32,3967841d43dc09fbdc118501196a7a32,4,"1,4,11,14",1
i3856_m08,3856,8,3925841d02dc09fbdc118597196a0b32,392e841d81dc09fbdc1185c9196a1e32,4,"1,4,11,14",1
i3856_m10,3856,16,3925841d02dc09fbdc118597196a0b32,39e1841d56dc09fbdc1185a5196abd32,4,"1,4,11,14",1
i3856_m20,3856,32,3925841d02dc09fbdc118597196a0b32,3970841d42dc09fbdc1185b5196adb32,4,"1,4,11,14",1
i3856_m40,3856,64,3925841d02dc09fbdc118597196a0b32,39cb841d16dc09fbdc1185eb196a8832,4,"1,4,11,14",1
i3856_m80,3856,128,3925841d02dc09fbdc118597196a0b32,39de841d3ddc09fbdc11854d196ad532,4,"1,4,11,14",1
i3860_m01,3860,1,3925841d02dc09fbdc118597196a0b32,3925842902dc5bfbdc148597d66a0b32,4,"3,6,9,12",3
i3860_m02,3860,2,3925841d02dc09fbdc118597196a0b32,3925849302dc00fbdc258597d56a0b32,4,"3,6,9,12",3
i3860_m04,3860,4,3925841d02dc09fbdc118597196a0b32,392584eb02dc10fbdc558597b36a0b32,4,"3,6,9,12",3
i3860_m08,3860,8,3925841d02dc09fbdc118597196a0b32,3925842002dce1fbdc3e8597946a0b32,4,"3,6,9,12",3
i3860_m10,3860,16,3925841d02dc09fbdc118597196a0b32,3925840302dc33fbdccc85976c6a0b32,4,"3,6,9,12",3
i3860_m20,3860,32,3925841d02dc09fbdc118597196a0b32,3925847202dc43fbdc3f8597256a0b32,4,"3,6,9,12",3
i3860_m40,3860,64,3925841d02dc09fbdc118597196a0b32,392584a402dcaafbdcb68597006a0b32,4,"3,6,9,12",3
i3860_m80,3860,128,3925841d02dc09fbdc118597196a0b32,3925841502dc8bfbdc4a8597f76a0b32,4,"3,6,9,12",3
i3864_m01,3864,1,3925841d02dc09fbdc118597196a0b32,3925d21d026f09fbeb118597196a0bb0,4,"2,5,8,15",2
i3864_m02,3864,2,3925841d02dc09fbdc118597196a0b32,3925cb1d02f309fbbb118597196a0b5a,4,"2,5,8,15",2
i3864_m04,3864,4,3925841d02dc09fbdc118597196a0b32,3925b21d021c09fb40118597196a0ba1,4,"2,5,8,15",2
i3864_m08,3864,8,3925841d02dc09fbdc118597196a0b32,39253d1d028a09fbc6118597196a0bb6,4,"2,5,8,15",2
i3864_m10,3864,16,3925841d02dc09fbdc118597196a0b32,39253f1d022709fb2f118597196a0b65,4,"2,5,8,15",2
i3864_m20,3864,32,3925841d02dc09fbdc118597196a0b32,3925441d028109fb68118597196a0bb4,4,"2,5,8,15",2
i3864_m40,3864,64,3925841d02dc09fbdc118597196a0b32,3925641d02d209fb1c118597196a0baa,4,"2,5,8,15",2
i3864_m80,3864,128,3925841d02dc09fbdc118597196a0b32,3925e51d021409fbff118597196a0ba2,4,"2,5,8,15",2
i3868_m01,3868,1,3925841d02dc09fbdc118597196a0b32,3979841d70dc09fbdc1185a7196ac032,4,"1,4,11,14",1
i3868_m02,3868,2,3925841d02dc09fbdc118597196a0b32,39d6841d7cdc09fbdc1185be196a9a32,4,"1,4,11,14",1
i3868_m04,3868,4,3925841d02dc09fbdc118597196a0b32,39d8841d91dc09fbdc118524196a0932,4,"1,4,11,14",1
i3868_m08,3868,8,3925841d02dc09fbdc118597196a0b32,3971841dd4dc09fbdc1185b3196ad432,4,"1,4,11,14",1
i3868_m10,3868,16,3925841d02dc09fbdc118597196a0b32,39c8841deadc09fbdc118517196a2432,4,"1,4,11,14",1
i3868_m20,3868,32,3925841d02dc09fbdc118597196a0b32,39de841d3ddc09fbdc11854d196ad532,4,"1,4,11,14",1
i3868_m40,3868,64,3925841d02dc09fbdc118597196a0b32,3925841d02dc09fbdc118597196a0b32,0,,-1
i3868_m80,3868,128,3925841d02dc09fbdc118597196a0b32,3925841d02dc09fbdc118597196a0b32,0,,-1
i3872_m01,3872,1,3925841d02dc09fbdc118597196a0b32,3925d21d026f09fbeb118597196a0bb0,4,"2,5,8,15",2
i3872_m02,3872,2,3925841d02dc09fbdc118597196a0b32,3925cb1d02f309fbbb118597196a0b5a,4,"2,5,8,15",2
i3872_m04,3872,4,3925841d02dc09fbdc118597196a0b32,3925b21d021c09fb40118597196a0ba1,4,"2,5,8,15",2
i3872_m08,3872,8,3925841d02dc09fbdc118597196a0b32,39253d1d028a09fbc6118597196a0bb6,4,"2,5,8,15",2
i3872_m10,3872,16,3925841d02dc09fbdc118597196a0b32,39253f1d022709fb2f118597196a0b65,4,"2,5,8,15",2
i3872_m20,3872,32,3925841d02dc09fbdc118597196a0b32,3925441d028109fb68118597196a0bb4,4,"2,5,8,15",2
i3872_m40,3872,64,3925841d02dc09fbdc118597196a0b32,3925641d02d209fb1c118597196a0baa,4,"2,5,8,15",2
i3872_m80,3872,128,3925841d02dc09fbdc118597196a0b32,3925e51d021409fbff118597196a0ba2,4,"2,5,8,15",2
i3876_m01,3876,1,3925841d02dc09fbdc118597196a0b32,3925842902dc5bfbdc148597d66a0b32,4,"3,6,9,12",3
i3876_m02,3876,2,3925841d02dc09fbdc118597196a0b32,3925849302dc00fbdc258597d56a0b32,4,"3,6,9,12",3
i3876_m04,3876,4,3925841d02dc09fbdc118597196a0b32,392584eb02dc10fbdc558597b36a0b32,4,"3,6,9,12",3
i3876_m08,3876,8,3925841d02dc09fbdc118597196a0b32,3925842002dce1fbdc3e8597946a0b32,4,"3,6,9,12",3
i3876_m10,3876,16,3925841d02dc09fbdc118597196a0b32,3925840302dc33fbdccc85976c6a0b32,4,"3,6,9,12",3
i3876_m20,3876,32,3925841d02dc09fbdc118597196a0b32,3925847202dc43fbdc3f8597256a0b32,4,"3,6,9,12",3
i3876_m40,3876,64,3925841d02dc09fbdc118597196a0b32,392584a402dcaafbdcb68597006a0b32,4,"3,6,9,12",3
i3876_m80,3876,128,3925841d02dc09fbdc118597196a0b32,3925841502dc8bfbdc4a8597f76a0b32,4,"3,6,9,12",3
i3880_m01,3880,1,3925841d02dc09fbdc118597196a0b32,3925842902dc5bfbdc148597d66a0b32,4,"3,6,9,12",3
i3880_m02,3880,2,3925841d02dc09fbdc118597196a0b32,3925849302dc00fbdc258597d56a0b32,4,"3,6,9,12",3
i3880_m04,3880,4,3925841d02dc09fbdc118597196a0b32,392584eb02dc10fbdc558597b36a0b32,4,"3,6,9,12",3
i3880_m08,3880,8,3925841d02dc09fbdc118597196a0b32,3925842002dce1fbdc3e8597946a0b32,4,"3,6,9,12",3
i3880_m10,3880,16,3925841d02dc09fbdc118597196a0b32,3925840302dc33fbdccc85976c6a0b32,4,"3,6,9,12",3
i3880_m20,3880,32,3925841d02dc09fbdc118597196a0b32,3925847202dc43fbdc3f8597256a0b32,4,"3,6,9,12",3
i3880_m40,3880,64,3925841d02dc09fbdc118597196a0b32,392584a402dcaafbdcb68597006a0b32,4,"3,6,9,12",3
i3880_m80,3880,128,3925841d02dc09fbdc118597196a0b32,3925841502dc8bfbdc4a8597f76a0b32,4,"3,6,9,12",3
i3884_m01,3884,1,3925841d02dc09fbdc118597196a0b32,b025841d02dc0912dc11de9719810b32,4,"0,7,10,13",0
i3884_m02,3884,2,3925841d02dc09fbdc118597196a0b32,5c25841d02dc09bddc119297195a0b32,4,"0,7,10,13",0
i3884_m04,3884,4,3925841d02dc09fbdc118597196a0b32,ff25841d02dc090ddc11639719ba0b32,4,"0,7,10,13",0
i3884_m08,3884,8,3925841d02dc09fbdc118597196a0b32,f225841d02dc0968dc11839719160b32,4,"0,7,10,13",0
i3884_m10,3884,16,3925841d02dc09fbdc118597196a0b32,8725841d02dc0999dc113e9719c00b32,4,"0,7,10,13",0
i3884_m20,3884,32,3925841d02dc09fbdc118597196a0b32,f625841d02dc09a3dc11c49719a70b32,4,"0,7,10,13",0
i3884_m40,3884,64,3925841d02dc09fbdc118597196a0b32,3925841d02dc09fbdc118597196a0b32,0,,-1
i3884_m80,3884,128,3925841d02dc09fbdc118597196a0b32,3925841d02dc09fbdc118597196a0b32,0,,-1
i3888_m01,3888,1,3925841d02dc09fbdc118597196a0b32,9525841d02dc09f2dc115c97194d0b32,4,"0,7,10,13",0
i3888_m02,3888,2,3925841d02dc09fbdc118597196a0b32,2b25841d02dc09d0dc11af97198b0b32,4,"0,7,10,13",0
i3888_m04,3888,4,3925841d02dc09fbdc118597196a0b32,b025841d02dc0912dc11de9719810b32,4,"0,7,10,13",0
i3888_m08,3888,8,3925841d02dc09fbdc118597196a0b32,5c25841d02dc09bddc119297195a0b32,4,"0,7,10,13",0
i3888_m10,3888,16,3925841d02dc09fbdc118597196a0b32,ff25841d02dc090ddc11639719ba0b32,4,"0,7,10,13",0
i3888_m20,3888,32,3925841d02dc09fbdc118597196a0b32,f225841d02dc0968dc11839719160b32,4,"0,7,10,13",0
i3888_m40,3888,64,3925841d02dc09fbdc118597196a0b32,8725841d02dc0999dc113e9719c00b32,4,"0,7,10,13",0
i3888_m80,3888,128,3925841d02dc09fbdc118597196a0b32,f625841d02dc09a3dc11c49719a70b32,4,"0,7,10,13",0
i3892_m01,3892,1,3925841d02dc09fbdc118597196a0b32,0125841d02dc092adc11c097194e0b32,4,"0,7,10,13",0
i3892_m02,3892,2,3925841d02dc09fbdc118597196a0b32,ed25841d02dc0994dc110c9719d40b32,4,"0,7,10,13",0
i3892_m04,3892,4,3925841d02dc09fbdc118597196a0b32,4625841d02dc09dfdc11319719680b32,4,"0,7,10,13",0
i3892_m08,3892,8,3925841d02dc09fbdc118597196a0b32,5c25841d02dc09bddc119297195a0b32,4,"0,7,10,13",0
i3892_m10,3892,16,3925841d02dc09fbdc118597196a0b32,ff25841d02dc090ddc11639719ba0b32,4,"0,7,10,13",0
i3892_m20,3892,32,3925841d02dc09fbdc118597196a0b32,f225841d02dc0968dc11839719160b32,4,"0,7,10,13",0
i3892_m40,3892,64,3925841d02dc09fbdc118597196a0b32,8725841d02dc0999dc113e9719c00b32,4,"0,7,10,13",0
i3892_m80,3892,128,3925841d02dc09fbdc118597196a0b32,f625841d02dc09a3dc11c49719a70b32,4,"0,7,10,13",0
i3896_m01,3896,1,3925841d02dc09fbdc118597196a0b32,0125841d02dc092adc11c097194e0b32,4,"0,7,10,13",0
i3896_m02,3896,2,3925841d02dc09fbdc118597196a0b32,ed25841d02dc0994dc110c9719d40b32,4,"0,7,10,13",0
i3896_m04,3896,4,3925841d02dc09fbdc118597196a0b32,4625841d02dc09dfdc11319719680b32,4,"0,7,10,13",0
i3896_m08,3896,8,3925841d02dc09fbdc118597196a0b32,5c25841d02dc09bddc119297195a0b32,4,"0,7,10,13",0
i3896_m10,3896,16,3925841d02dc09fbdc118597196a0b32,ff25841d02dc090ddc11639719ba0b32,4,"0,7,10,13",0
i3896_m20,3896,32,3925841d02dc09fbdc118597196a0b32,f225841d02dc0968dc11839719160b32,4,"0,7,10,13",0
i3896_m40,3896,64,3925841d02dc09fbdc118597196a0b32,8725841d02dc0999dc113e9719c00b32,4,"0,7,10,13",0
i3896_m80,3896,128,3925841d02dc09fbdc118597196a0b32,f625841d02dc09a3dc11c49719a70b32,4,"0,7,10,13",0
i3900_m01,3900,1,3925841d02dc09fbdc118597196a0b32,3925842902dc5bfbdc148597d66a0b32,4,"3,6,9,12",3
i3900_m02,3900,2,3925841d02dc09fbdc118597196a0b32,3925849302dc00fbdc258597d56a0b32,4,"3,6,9,12",3
i3900_m04,3900,4,3925841d02dc09fbdc118597196a0b32,392584eb02dc10fbdc558597b36a0b32,4,"3,6,9,12",3
i3900_m08,3900,8,3925841d02dc09fbdc118597196a0b32,3925842002dce1fbdc3e8597946a0b32,4,"3,6,9,12",3
i3900_m10,3900,16,3925841d02dc09fbdc118597196a0b32,3925840302dc33fbdccc85976c6a0b32,4,"3,6,9,12",3
i3900_m20,3900,32,3925841d02dc09fbdc118597196a0b32,3925847202dc43fbdc3f8597256a0b32,4,"3,6,9,12",3
i3900_m40,3900,64,3925841d02dc09fbdc118597196a0b32,392584a402dcaafbdcb68597006a0b32,4,"3,6,9,12",3
i3900_m80,3900,128,3925841d02dc09fbdc118597196a0b32,3925841502dc8bfbdc4a8597f76a0b32,4,"3,6,9,12",3
i3904_m01,3904,1,3925841d02dc09fbdc118597196a0b32,577abf0e3ba2c205acaf4610218fcf33,16,"0,1,2,3,4,5,6,7,8,9,10,11,12,13,14,15",-1
i3904_m08,3904,8,3925841d02dc09fbdc118597196a0b32,ed0fe0923fe4fa62b658eaae77e50601,16,"0,1,2,3,4,5,6,7,8,9,10,11,12,13,14,15",-1
i3908_m01,3908,1,3925841d02dc09fbdc118597196a0b32,4a25841d02dc0918dc11d29719520b32,4,"0,7,10,13",0
i3908_m02,3908,2,3925841d02dc09fbdc118597196a0b32,b625841d02dc0909dc11249719290b32,4,"0,7,10,13",0
i3908_m04,3908,4,3925841d02dc09fbdc118597196a0b32,3425841d02dc0936dc11409719bc0b32,4,"0,7,10,13",0
i3908_m08,3908,8,3925841d02dc09fbdc118597196a0b32,d325841d02dc09fcdc11599719ac0b32,4,"0,7,10,13",0
i3908_m10,3908,16,3925841d02dc09fbdc118597196a0b32,9925841d02dc0986dc11669719e40b32,4,"0,7,10,13",0
i3908_m20,3908,32,3925841d02dc09fbdc118597196a0b32,9725841d02dc0943dc117097190e0b32,4,"0,7,10,13",0
i3908_m40,3908,64,3925841d02dc09fbdc118597196a0b32,aa25841d02dc0972dc113997191c0b32,4,"0,7,10,13",0
i3908_m80,3908,128,3925841d02dc09fbdc118597196a0b32,fd25841d02dc09f7dc11f99719c50b32,4,"0,7,10,13",0
i3912_m01,3912,1,3925841d02dc09fbdc118597196a0b32,39bd841d98dc09fbdc1185d0196a3e32,4,"1,4,11,14",1
i3912_m02,3912,2,3925841d02dc09fbdc118597196a0b32,3979841d75dc09fbdc1185cf196a0a32,4,"1,4,11,14",1
i3912_m04,3912,4,3925841d02dc09fbdc118597196a0b32,391c841d19dc09fbdc1185b9196adf32,4,"1,4,11,14",1
i3912_m08,3912,8,3925841d02dc09fbdc118597196a0b32,3987841d4adc09fbdc1185a8196a1432,4,"1,4,11,14",1
i3912_m10,3912,16,3925841d02dc09fbdc118597196a0b32,39e3841df2dc09fbdc118516196a0832,4,"1,4,11,14",1
i3912_m20,3912,32,3925841d02dc09fbdc118597196a0b32,3993841dbddc09fbdc1185ae196abc32,4,"1,4,11,14",1
i3912_m40,3912,64,3925841d02dc09fbdc118597196a0b32,39d2841da9dc09fbdc118581196a3232,4,"1,4,11,14",1
i3912_m80,3912,128,3925841d02dc09fbdc118597196a0b32,39f8841d64dc09fbdc11858d196a2632,4,"1,4,11,14",1
i3916_m01,3916,1,3925841d02dc09fbdc118597196a0b32,39bd841d98dc09fbdc1185d0196a3e32,4,"1,4,11,14",1
i3916_m02,3916,2,3925841d02dc09fbdc118597196a0b32,3979841d75dc09fbdc1185cf196a0a32,4,"1,4,11,14",1
i3916_m04,3916,4,3925841d02dc09fbdc118597196a0b32,391c841d19dc09fbdc1185b9196adf32,4,"1,4,11,14",1
i3916_m08,3916,8,3925841d02dc09fbdc118597196a0b32,3987841d4adc09fbdc1185a8196a1432,4,"1,4,11,14",1
i3916_m10,3916,16,3925841d02dc09fbdc118597196a0b32,39e3841df2dc09fbdc118516196a0832,4,"1,4,11,14",1
i3916_m20,3916,32,3925841d02dc09fbdc118597196a0b32,3993841dbddc09fbdc1185ae196abc32,4,"1,4,11,14",1
i3916_m40,3916,64,3925841d02dc09fbdc118597196a0b32,39d2841da9dc09fbdc118581196a3232,4,"1,4,11,14",1
i3916_m80,3916,128,3925841d02dc09fbdc118597196a0b32,39f8841d64dc09fbdc11858d196a2632,4,"1,4,11,14",1
i3920_m04,3920,4,3925841d02dc09fbdc118597196a0b32,13daee79e1a1515c908c000b7c25ef29,16,"0,1,2,3,4,5,6,7,8,9,10,11,12,13,14,15",-1
i3920_m08,3920,8,3925841d02dc09fbdc118597196a0b32,062c843c8fdcf429dc4f6ba6919b3e32,12,"0,1,3,4,6,7,9,10,11,12,13,14",-1
i3920_m20,3920,32,3925841d02dc09fbdc118597196a0b32,aac188b8fc701bbe956c3c3a41242ac7,16,"0,1,2,3,4,5,6,7,8,9,10,11,12,13,14,15",-1
i3920_m40,3920,64,3925841d02dc09fbdc118597196a0b32,a40cc2f8edb711c3acec8de93c8ccddc,16,"0,1,2,3,4,5,6,7,8,9,10,11,12,13,14,15",-1
i3924_m01,3924,1,3925841d02dc09fbdc118597196a0b32,7cbd036df8976457f289cbc5241ffa47,16,"0,1,2,3,4,5,6,7,8,9,10,11,12,13,14,15",-1
i3924_m02,3924,2,3925841d02dc09fbdc118597196a0b32,11ba886d6c7064c99589ce77245b6dc7,16,"0,1,2,3,4,5,6,7,8,9,10,11,12,13,14,15",-1
i3924_m04,3924,4,3925841d02dc09fbdc118597196a0b32,a482886d9a7064c395898d95248ce9c7,16,"0,1,2,3,4,5,6,7,8,9,10,11,12,13,14,15",-1
i3924_m08,3924,8,3925841d02dc09fbdc118597196a0b32,a482886d9a7064c395898d95248ce9c7,16,"0,1,2,3,4,5,6,7,8,9,10,11,12,13,14,15",-1
i3924_m10,3924,16,3925841d02dc09fbdc118597196a0b32,a482886d9a7064c395898d95248ce9c7,16,"0,1,2,3,4,5,6,7,8,9,10,11,12,13,14,15",-1
i3924_m20,3924,32,3925841d02dc09fbdc118597196a0b32,a482886d9a7064c395898d95248ce9c7,16,"0,1,2,3,4,5,6,7,8,9,10,11,12,13,14,15",-1
i3924_m40,3924,64,3925841d02dc09fbdc118597196a0b32,a482886d9a7064c395898d95248ce9c7,16,"0,1,2,3,4,5,6,7,8,9,10,11,12,13,14,15",-1
i3924_m80,3924,128,3925841d02dc09fbdc118597196a0b32,a482886d9a7064c395898d95248ce9c7,16,"0,1,2,3,4,5,6,7,8,9,10,11,12,13,14,15",-1
i3928_m04,3928,4,3925841d02dc09fbdc118597196a0b32,887f79cd8c9f09c25ee45ea19fdeb14e,15,"0,1,2,3,4,5,7,8,9,10,11,12,13,14,15",-1
i3928_m08,3928,8,3925841d02dc09fbdc118597196a0b32,78d079cd39bf0918ebe476d79fed6582,15,"0,1,2,3,4,5,7,8,9,10,11,12,13,14,15",-1
i3928_m10,3928,16,3925841d02dc09fbdc118597196a0b32,45df73742fd75ac2aef6983d75ba5412,16,"0,1,2,3,4,5,6,7,8,9,10,11,12,13,14,15",-1
i3928_m20,3928,32,3925841d02dc09fbdc118597196a0b32,d12964a509182e982d2df779c198d45c,16,"0,1,2,3,4,5,6,7,8,9,10,11,12,13,14,15",-1
i3928_m40,3928,64,3925841d02dc09fbdc118597196a0b32,0c4feacb22fd7ed0180c0c5bfaedba04,16,"0,1,2,3,4,5,6,7,8,9,10,11,12,13,14,15",-1
i3932_m01,3932,1,3925841d02dc09fbdc118597196a0b32,4a25841d02dc0918dc11d29719520b32,4,"0,7,10,13",0
i3932_m02,3932,2,3925841d02dc09fbdc118597196a0b32,b625841d02dc0909dc11249719290b32,4,"0,7,10,13",0
i3932_m04,3932,4,3925841d02dc09fbdc118597196a0b32,3425841d02dc0936dc11409719bc0b32,4,"0,7,10,13",0
i3932_m08,3932,8,3925841d02dc09fbdc118597196a0b32,d325841d02dc09fcdc11599719ac0b32,4,"0,7,10,13",0
i3932_m10,3932,16,3925841d02dc09fbdc118597196a0b32,9925841d02dc0986dc11669719e40b32,4,"0,7,10,13",0
i3932_m20,3932,32,3925841d02dc09fbdc118597196a0b32,9725841d02dc0943dc117097190e0b32,4,"0,7,10,13",0
i3932_m40,3932,64,3925841d02dc09fbdc118597196a0b32,aa25841d02dc0972dc113997191c0b32,4,"0,7,10,13",0
i3932_m80,3932,128,3925841d02dc09fbdc118597196a0b32,fd25841d02dc09f7dc11f99719c50b32,4,"0,7,10,13",0
i3936_m01,3936,1,3925841d02dc09fbdc118597196a0b32,3925847002dc5ffbdcc88597ca6a0b32,4,"3,6,9,12",3
i3936_m02,3936,2,3925841d02dc09fbdc118597196a0b32,3925848b02dc1ffbdc928597016a0b32,4,"3,6,9,12",3
i3936_m04,3936,4,3925841d02dc09fbdc118597196a0b32,3925840d02dc73fbdc0e8597616a0b32,4,"3,6,9,12",3
i3936_m08,3936,8,3925841d02dc09fbdc118597196a0b32,392584d302dcf9fbdce58597396a0b32,4,"3,6,9,12",3
i3936_m10,3936,16,3925841d02dc09fbdc118597196a0b32,3925843002dc65fbdc358597056a0b32,4,"3,6,9,12",3
i3936_m20,3936,32,3925841d02dc09fbdc118597196a0b32,392584b002dc6cfbdcc58597536a0b32,4,"3,6,9,12",3
i3936_m40,3936,64,3925841d02dc09fbdc118597196a0b32,3925846202dce8fbdc758597ec6a0b32,4,"3,6,9,12",3
i3936_m80,3936,128,3925841d02dc09fbdc118597196a0b32,392584c602dc26fbdc7d8597e06a0b32,4,"3,6,9,12",3
i3940_m01,3940,1,3925841d02dc09fbdc118597196a0b32,3925391d028c09fbbc118597196a0b5e,4,"2,5,8,15",2
i3940_m02,3940,2,3925841d02dc09fbdc118597196a0b32,3925631d026609fb0f118597196a0b40,4,"2,5,8,15",2
i3940_m04,3940,4,3925841d02dc09fbdc118597196a0b32,3925141d029609fb83118597196a0b60,4,"2,5,8,15",2
i3940_m08,3940,8,3925841d02dc09fbdc118597196a0b32,39253f1d022e09fb19118597196a0bfb,4,"2,5,8,15",2
i3940_m10,3940,16,3925841d02dc09fbdc118597196a0b32,3925fa1d021c09fb7a118597196a0bf9,4,"2,5,8,15",2
i3940_m20,3940,32,3925841d02dc09fbdc118597196a0b32,3925a51d026a09fbdf118597196a0bdc,4,"2,5,8,15",2
i3940_m40,3940,64,3925841d02dc09fbdc118597196a0b32,3925b01d025409fbad118597196a0b61,4,"2,5,8,15",2
i3940_m80,3940,128,3925841d02dc09fbdc118597196a0b32,3925991d02c609fb41118597196a0b57,4,"2,5,8,15",2
i3944_m01,3944,1,3925841d02dc09fbdc118597196a0b32,396f841d5bdc09fbdc1185d5196a8832,4,"1,4,11,14",1
i3944_m02,3944,2,3925841d02dc09fbdc118597196a0b32,39e5841d83dc09fbdc1185d1196a9632,4,"1,4,11,14",1
i3944_m04,3944,4,3925841d02dc09fbdc118597196a0b32,39b0841dcbdc09fbdc118550196a3032,4,"1,4,11,14",1
i3944_m08,3944,8,3925841d02dc09fbdc118597196a0b32,3905841debdc09fbdc1185a3196a9e32,4,"1,4,11,14",1
i3944_m10,3944,16,3925841d02dc09fbdc118597196a0b32,390e841dd1dc09fbdc118590196a7f32,4,"1,4,11,14",1
i3944_m20,3944,32,3925841d02dc09fbdc118597196a0b32,39a1841dcfdc09fbdc11854d196ac032,4,"1,4,11,14",1
i3944_m40,3944,64,3925841d02dc09fbdc118597196a0b32,397a841deadc09fbdc1185c8196a9b32,4,"1,4,11,14",1
i3944_m80,3944,128,3925841d02dc09fbdc118597196a0b32,3919841d96dc09fbdc1185f7196a1732,4,"1,4,11,14",1
i3948_m01,3948,1,3925841d02dc09fbdc118597196a0b32,39bd841d98dc09fbdc1185d0196a3e32,4,"1,4,11,14",1
i3948_m02,3948,2,3925841d02dc09fbdc118597196a0b32,3979841d75dc09fbdc1185cf196a0a32,4,"1,4,11,14",1
i3948_m04,3948,4,3925841d02dc09fbdc118597196a0b32,391c841d19dc09fbdc1185b9196adf32,4,"1,4,11,14",1
i3948_m08,3948,8,3925841d02dc09fbdc118597196a0b32,3987841d4adc09fbdc1185a8196a1432,4,"1,4,11,14",1
i3948_m10,3948,16,3925841d02dc09fbdc118597196a0b32,39e3841df2dc09fbdc118516196a0832,4,"1,4,11,14",1
i3948_m20,3948,32,3925841d02dc09fbdc118597196a0b32,3993841dbddc09fbdc1185ae196abc32,4,"1,4,11,14",1
i3948_m40,3948,64,3925841d02dc09fbdc118597196a0b32,39d2841da9dc09fbdc118581196a3232,4,"1,4,11,14",1
i3948_m80,3948,128,3925841d02dc09fbdc118597196a0b32,39f8841d64dc09fbdc11858d196a2632,4,"1,4,11,14",1
i3952_m01,3952,1,3925841d02dc09fbdc118597196a0b32,4225841d02dc09f6dc111b9719cf0b32,4,"0,7,10,13",0
i3952_m02,3952,2,3925841d02dc09fbdc118597196a0b32,ea25841d02dc09f9dc11e79719a50b32,4,"0,7,10,13",0
i3952_m04,3952,4,3925841d02dc09fbdc118597196a0b32,1625841d02dc0984dc11cc97196f0b32,4,"0,7,10,13",0
i3952_m08,3952,8,3925841d02dc09fbdc118597196a0b32,5525841d02dc0955dc11de9719e00b32,4,"0,7,10,13",0
i3952_m10,3952,16,3925841d02dc09fbdc118597196a0b32,8a25841d02dc09eddc11dc9719b10b32,4,"0,7,10,13",0
i3952_m20,3952,32,3925841d02dc09fbdc118597196a0b32,c925841d02dc09aedc113297190c0b32,4,"0,7,10,13",0
i3952_m40,3952,64,3925841d02dc09fbdc118597196a0b32,b925841d02dc0926dc11649719b50b32,4,"0,7,10,13",0
i3952_m80,3952,128,3925841d02dc09fbdc118597196a0b32,1225841d02dc097fdc118c97197c0b32,4,"0,7,10,13",0
i3956_m01,3956,1,3925841d02dc09fbdc118597196a0b32,3925848b02dccbfbdc7e8597b96a0b32,4,"3,6,9,12",3
i3956_m02,3956,2,3925841d02dc09fbdc118597196a0b32,3925845e02dcf3fbdcb58597766a0b32,4,"3,6,9,12",3
i3956_m04,3956,4,3925841d02dc09fbdc118597196a0b32,3925849502dca9fbdc0b85979a6a0b32,4,"3,6,9,12",3
i3956_m08,3956,8,3925841d02dc09fbdc118597196a0b32,392584a502dc46fbdcdf8597366a0b32,4,"3,6,9,12",3
i3956_m10,3956,16,3925841d02dc09fbdc118597196a0b32,3925843202dcf9fbdc5785970d6a0b32,4,"3,6,9,12",3
i3956_m20,3956,32,3925841d02dc09fbdc118597196a0b32,392584f802dc1afbdc9d8597b06a0b32,4,"3,6,9,12",3
i3956_m40,3956,64,3925841d02dc09fbdc118597196a0b32,392584a302dc72fbdccf8597ed6a0b32,4,"3,6,9,12",3
i3956_m80,3956,128,3925841d02dc09fbdc118597196a0b32,392584b802dc4efbdcda8597636a0b32,4,"3,6,9,12",3
i3960_m01,3960,1,3925841d02dc09fbdc118597196a0b32,3925f41d02de09fb72118597196a0b42,4,"2,5,8,15",2
i3960_m02,3960,2,3925841d02dc09fbdc118597196a0b32,3925361d02be09fbbb118597196a0b95,4,"2,5,8,15",2
i3960_m04,3960,4,3925841d02dc09fbdc118597196a0b32,3925db1d026809fba3118597196a0b02,4,"2,5,8,15",2
i3960_m08,3960,8,3925841d02dc09fbdc118597196a0b32,3925041d02b409fbb1118597196a0b85,4,"2,5,8,15",2
i3960_m10,3960,16,3925841d02dc09fbdc118597196a0b32,3925f81d02b609fb73118597196a0bd1,4,"2,5,8,15",2
i3960_m20,3960,32,3925841d02dc09fbdc118597196a0b32,39258e1d020a09fbbe118597196a0b3f,4,"2,5,8,15",2
i3960_m40,3960,64,3925841d02dc09fbdc118597196a0b32,3925cf1d028009fb49118597196a0bbe,4,"2,5,8,15",2
i3960_m80,3960,128,3925841d02dc09fbdc118597196a0b32,3925e51d022009fb55118597196a0b59,4,"2,5,8,15",2
i3964_m01,3964,1,3925841d02dc09fbdc118597196a0b32,39255d1d029709fb69118597196a0b40,4,"2,5,8,15",2
i3964_m02,3964,2,3925841d02dc09fbdc118597196a0b32,3925401d021709fb82118597196a0bef,4,"2,5,8,15",2
i3964_m04,3964,4,3925841d02dc09fbdc118597196a0b32,3925311d029509fba9118597196a0b04,4,"2,5,8,15",2
i3964_m08,3964,8,3925841d02dc09fbdc118597196a0b32,3925531d029e09fb18118597196a0b34,4,"2,5,8,15",2
i3964_m10,3964,16,3925841d02dc09fbdc118597196a0b32,3925d71d024d09fbe5118597196a0bc2,4,"2,5,8,15",2
i3964_m20,3964,32,3925841d02dc09fbdc118597196a0b32,3925fd1d02fd09fb5c118597196a0bb5,4,"2,5,8,15",2
i3964_m40,3964,64,3925841d02dc09fbdc118597196a0b32,3925161d028809fb49118597196a0b05,4,"2,5,8,15",2
i3964_m80,3964,128,3925841d02dc09fbdc118597196a0b32,3925ee1d027809fb8d118597196a0baf,4,"2,5,8,15",2
i3968_m01,3968,1,3925841d02dc09fbdc118597196a0b32,3987841d24dc09fbdc1185db196abe32,4,"1,4,11,14",1
i3968_m02,3968,2,3925841d02dc09fbdc118597196a0b32,39d7841d0fdc09fbdc11850d196ae632,4,"1,4,11,14",1
i3968_m04,3968,4,3925841d02dc09fbdc118597196a0b32,39f6841dd6dc09fbdc1185b3196a0432,4,"1,4,11,14",1
i3968_m08,3968,8,3925841d02dc09fbdc118597196a0b32,39e8841d86dc09fbdc1185d0196ac832,4,"1,4,11,14",1
i3968_m10,3968,16,3925841d02dc09fbdc118597196a0b32,396b841da4dc09fbdc118539196a8432,4,"1,4,11,14",1
i3968_m20,3968,32,3925841d02dc09fbdc118597196a0b32,39f9841d41dc09fbdc118552196a3132,4,"1,4,11,14",1
i3968_m40,3968,64,3925841d02dc09fbdc118597196a0b32,39cd841d13dc09fbdc118598196a7c32,4,"1,4,11,14",1
i3968_m80,3968,128,3925841d02dc09fbdc118597196a0b32,3901841dcadc09fbdc1185c9196ad932,4,"1,4,11,14",1
i3972_m01,3972,1,3925841d02dc09fbdc118597196a0b32,ca25841d02dc09c7dc115a9719690b32,4,"0,7,10,13",0
i3972_m02,3972,2,3925841d02dc09fbdc118597196a0b32,8925841d02dc0968dc11559719a80b32,4,"0,7,10,13",0
i3972_m04,3972,4,3925841d02dc09fbdc118597196a0b32,5f25841d02dc09cddc113997196e0b32,4,"0,7,10,13",0
i3972_m08,3972,8,3925841d02dc09fbdc118597196a0b32,6d25841d02dc098edc11a29719860b32,4,"0,7,10,13",0
i3972_m10,3972,16,3925841d02dc09fbdc118597196a0b32,2925841d02dc0957dc11599719a20b32,4,"0,7,10,13",0
i3972_m20,3972,32,3925841d02dc09fbdc118597196a0b32,a825841d02dc0991dc11289719d10b32,4,"0,7,10,13",0
i3972_m40,3972,64,3925841d02dc09fbdc118597196a0b32,9b25841d02dc099bdc11699719c60b32,4,"0,7,10,13",0
i3972_m80,3972,128,3925841d02dc09fbdc118597196a0b32,b325841d02dc096fdc11799719500b32,4,"0,7,10,13",0
i3976_m01,3976,1,3925841d02dc09fbdc118597196a0b32,392584ff02dc0afbdcf98597766a0b32,4,"3,6,9,12",3
i3976_m02,3976,2,3925841d02dc09fbdc118597196a0b32,3925842a02dc19fbdc2a8597de6a0b32,4,"3,6,9,12",3
i3976_m04,3976,4,3925841d02dc09fbdc118597196a0b32,392584f002dce1fbdca88597fa6a0b32,4,"3,6,9,12",3
i3976_m08,3976,8,3925841d02dc09fbdc118597196a0b32,3925847702dcebfbdc6c8597726a0b32,4,"3,6,9,12",3
i3976_m10,3976,16,3925841d02dc09fbdc118597196a0b32,3925845802dc60fbdc4e8597096a0b32,4,"3,6,9,12",3
i3976_m20,3976,32,3925841d02dc09fbdc118597196a0b32,3925846302dc59fbdc148597d06a0b32,4,"3,6,9,12",3
i3976_m40,3976,64,3925841d02dc09fbdc118597196a0b32,3925849302dcf1fbdc4485970f6a0b32,4,"3,6,9,12",3
i3976_m80,3976,128,3925841d02dc09fbdc118597196a0b32,392584fa02dc0ffbdc268597076a0b32,4,"3,6,9,12",3
i3980_m01,3980,1,3925841d02dc09fbdc118597196a0b32,3925842902dc5bfbdc148597d66a0b32,4,"3,6,9,12",3
i3980_m02,3980,2,3925841d02dc09fbdc118597196a0b32,3925849302dc00fbdc258597d56a0b32,4,"3,6,9,12",3
i3980_m04,3980,4,3925841d02dc09fbdc118597196a0b32,392584eb02dc10fbdc558597b36a0b32,4,"3,6,9,12",3
i3980_m08,3980,8,3925841d02dc09fbdc118597196a0b32,3925842002dce1fbdc3e8597946a0b32,4,"3,6,9,12",3
i3980_m10,3980,16,3925841d02dc09fbdc118597196a0b32,3925840302dc33fbdccc85976c6a0b32,4,"3,6,9,12",3
i3980_m20,3980,32,3925841d02dc09fbdc118597196a0b32,3925847202dc43fbdc3f8597256a0b32,4,"3,6,9,12",3
i3980_m40,3980,64,3925841d02dc09fbdc118597196a0b32,392584a402dcaafbdcb68597006a0b32,4,"3,6,9,12",3
i3980_m80,3980,128,3925841d02dc09fbdc118597196a0b32,3925841502dc8bfbdc4a8597f76a0b32,4,"3,6,9,12",3
i3984_m01,3984,1,3925841d02dc09fbdc118597196a0b32,3925d21d026f09fbeb118597196a0bb0,4,"2,5,8,15",2
i3984_m02,3984,2,3925841d02dc09fbdc118597196a0b32,3925cb1d02f309fbbb118597196a0b5a,4,"2,5,8,15",2
i3984_m04,3984,4,3925841d02dc09fbdc118597196a0b32,3925b21d021c09fb40118597196a0ba1,4,"2,5,8,15",2
i3984_m08,3984,8,3925841d02dc09fbdc118597196a0b32,39253d1d028a09fbc6118597196a0bb6,4,"2,5,8,15",2
i3984_m10,3984,16,3925841d02dc09fbdc118597196a0b32,39253f1d022709fb2f118597196a0b65,4,"2,5,8,15",2
i3984_m20,3984,32,3925841d02dc09fbdc118597196a0b32,3925441d028109fb68118597196a0bb4,4,"2,5,8,15",2
i3984_m40,3984,64,3925841d02dc09fbdc118597196a0b32,3925641d02d209fb1c118597196a0baa,4,"2,5,8,15",2
i3984_m80,3984,128,3925841d02dc09fbdc118597196a0b32,3925e51d021409fbff118597196a0ba2,4,"2,5,8,15",2
i3988_m01,3988,1,3925841d02dc09fbdc118597196a0b32,39db841df1dc09fbdc1185aa196a3f32,4,"1,4,11,14",1
i3988_m02,3988,2,3925841d02dc09fbdc118597196a0b32,397a841d6edc09fbdc1185e8196ae032,4,"1,4,11,14",1
i3988_m04,3988,4,3925841d02dc09fbdc118597196a0b32,3974841d0adc09fbdc1185e0196ac232,4,"1,4,11,14",1
i3988_m08,3988,8,3925841d02dc09fbdc118597196a0b32,39d6841d7cdc09fbdc1185be196a9a32,4,"1,4,11,14",1
i3988_m10,3988,16,3925841d02dc09fbdc118597196a0b32,39d8841d91dc09fbdc118524196a0932,4,"1,4,11,14",1
i3988_m20,3988,32,3925841d02dc09fbdc118597196a0b32,3971841dd4dc09fbdc1185b3196ad432,4,"1,4,11,14",1
i3988_m40,3988,64,3925841d02dc09fbdc118597196a0b32,39c8841deadc09fbdc118517196a2432,4,"1,4,11,14",1
i3988_m80,3988,128,3925841d02dc09fbdc118597196a0b32,39de841d3ddc09fbdc11854d196ad532,4,"1,4,11,14",1
i3992_m01,3992,1,3925841d02dc09fbdc118597196a0b32,0125841d02dc092adc11c097194e0b32,4,"0,7,10,13",0
i3992_m02,3992,2,3925841d02dc09fbdc118597196a0b32,ed25841d02dc0994dc110c9719d40b32,4,"0,7,10,13",0
i3992_m04,3992,4,3925841d02dc09fbdc118597196a0b32,4625841d02dc09dfdc11319719680b32,4,"0,7,10,13",0
i3992_m08,3992,8,3925841d02dc09fbdc118597196a0b32,5c25841d02dc09bddc119297195a0b32,4,"0,7,10,13",0
i3992_m10,3992,16,3925841d02dc09fbdc118597196a0b32,ff25841d02dc090ddc11639719ba0b32,4,"0,7,10,13",0
i3992_m20,3992,32,3925841d02dc09fbdc118597196a0b32,f225841d02dc0968dc11839719160b32,4,"0,7,10,13",0
i3992_m40,3992,64,3925841d02dc09fbdc118597196a0b32,8725841d02dc0999dc113e9719c00b32,4,"0,7,10,13",0
i3992_m80,3992,128,3925841d02dc09fbdc118597196a0b32,f625841d02dc09a3dc11c49719a70b32,4,"0,7,10,13",0
i3996_m01,3996,1,3925841d02dc09fbdc118597196a0b32,392584d802dca6fbdc1a8597146a0b32,4,"3,6,9,12",3
i3996_m02,3996,2,3925841d02dc09fbdc118597196a0b32,3925845e02dc3efbdc478597626a0b32,4,"3,6,9,12",3
i3996_m04,3996,4,3925841d02dc09fbdc118597196a0b32,392584ff02dc0afbdcf98597766a0b32,4,"3,6,9,12",3
i3996_m08,3996,8,3925841d02dc09fbdc118597196a0b32,3925848d02dc9bfbdc208597cb6a0b32,4,"3,6,9,12",3
i3996_m10,3996,16,3925841d02dc09fbdc118597196a0b32,3925842102dc65fbdc5985979d6a0b32,4,"3,6,9,12",3
i3996_m20,3996,32,3925841d02dc09fbdc118597196a0b32,392584e702dcb6fbdc2e8597546a0b32,4,"3,6,9,12",3
i3996_m40,3996,64,3925841d02dc09fbdc118597196a0b32,392584a802dc36fbdcd385978f6a0b32,4,"3,6,9,12",3
i3996_m80,3996,128,3925841d02dc09fbdc118597196a0b32,3925847502dc10fbdc258597a26a0b32,4,"3,6,9,12",3
i4000_m01,4000,1,3925841d02dc09fbdc118597196a0b32,3925301d02e409fb25118597196a0b28,4,"2,5,8,15",2
i4000_m02,4000,2,3925841d02dc09fbdc118597196a0b32,39257b1d02e809fbbc118597196a0b7f,4,"2,5,8,15",2
i4000_m04,4000,4,3925841d02dc09fbdc118597196a0b32,3925091d023d09fbf6118597196a0bb7,4,"2,5,8,15",2
i4000_m08,4000,8,3925841d02dc09fbdc118597196a0b32,3925561d022609fb3d118597196a0b79,4,"2,5,8,15",2
i4000_m10,4000,16,3925841d02dc09fbdc118597196a0b32,3925821d02e209fb0b118597196a0bce,4,"2,5,8,15",2
i4000_m20,4000,32,3925841d02dc09fbdc118597196a0b32,39253a1d021609fb08118597196a0b60,4,"2,5,8,15",2
i4000_m40,4000,64,3925841d02dc09fbdc118597196a0b32,3925141d021309fb52118597196a0bfa,4,"2,5,8,15",2
i4000_m80,4000,128,3925841d02dc09fbdc118597196a0b32,3925251d021a09fb2b118597196a0b23,4,"2,5,8,15",2
i4004_m01,4004,1,3925841d02dc09fbdc118597196a0b32,39cc841da3dc09fbdc11855f196a8c32,4,"1,4,11,14",1
i4004_m02,4004,2,3925841d02dc09fbdc118597196a0b32,3920841df0dc09fbdc11858c196ae732,4,"1,4,11,14",1
i4004_m04,4004,4,3925841d02dc09fbdc118597196a0b32,3987841d85dc09fbdc118505196a0832,4,"1,4,11,14",1
i4004_m08,4004,8,3925841d02dc09fbdc118597196a0b32,3911841d18dc09fbdc1185ac196a3832,4,"1,4,11,14",1
i4004_m10,4004,16,3925841d02dc09fbdc118597196a0b32,3966841df2dc09fbdc1185ea196aa132,4,"1,4,11,14",1
i4004_m20,4004,32,3925841d02dc09fbdc118597196a0b32,393b841d7fdc09fbdc118581196ab032,4,"1,4,11,14",1
i4004_m40,4004,64,3925841d02dc09fbdc118597196a0b32,393c841d1ddc09fbdc1185d4196a6032,4,"1,4,11,14",1
i4004_m80,4004,128,3925841d02dc09fbdc118597196a0b32,39c1841dfcdc09fbdc11853a196a2a32,4,"1,4,11,14",1
i4008_m04,4008,4,3925841d02dc09fbdc118597196a0b32,2125841d02dc0975dc11bb9719b70b32,4,"0,7,10,13",0
i4008_m08,4008,8,3925841d02dc09fbdc118597196a0b32,215a841d20dc0975dc11bb5d19b7ee32,8,"0,1,4,7,10,11,13,14",-1
