trial,instr,fired_lanes,n_fired,ct0,ct1,ct2,ct3,diff_count_0,diff_count_1,diff_count_2,diff_count_3,col_0,col_1,col_2,col_3
golden,-1,,0,3925841d02dc09fbdc118597196a0b32,8df4e9aac5c7573a27d8d055d6e4d64b,2f49671c7ab81b2f435d9b650e35b8c1,e16b676be413d87d83edb9aef7b847f4,0,0,0,0,-1,-1,-1,-1
i5000,5000,1,1,3925841d02dc09fbdc118597196a0b32,8df4e9aac5c7573a27d8d055d6e4d64b,2f49671c7ab81b2f435d9b650e35b8c1,e16b676be413d87d83edb9aef7b847f4,0,0,0,0,-1,-1,-1,-1
i5004,5004,"0,1,2,3",4,392584c302dc53fbdc268597ba6a0b32,8df4e9c8c5c7773a27b1d0555de4d64b,2f4967bb7ab8702f43b79b652e35b8c1,e16b670ee413aa7d83e7b9aefcb847f4,4,4,4,4,3,3,3,3
i5008,5008,"0,1,2,3",4,392584c302dc53fbdc268597ba6a0b32,8df4e9c8c5c7773a27b1d0555de4d64b,2f4967bb7ab8702f43b79b652e35b8c1,e16b670ee413aa7d83e7b9aefcb847f4,4,4,4,4,3,3,3,3
i5012,5012,"0,1,2,3",4,3925231d026109fbe5118597196a0bbf,8df452aac52c573a30d8d055d6e4d65b,2f49dc1c7a021b2fc65d9b650e35b856,e16bce6be4e1d87d7dedb9aef7b84799,4,4,4,4,2,2,2,2
i5016,5016,"0,1,2,3",4,3925231d026109fbe5118597196a0bbf,8df452aac52c573a30d8d055d6e4d65b,2f49dc1c7a021b2fc65d9b650e35b856,e16bce6be4e1d87d7dedb9aef7b84799,4,4,4,4,2,2,2,2
i5020,5020,"0,1,2,3",4,,,,,-1,-1,-1,-1,-1,-1,-1,-1
i5024,5024,"0,1,2,3",4,3925841d02dc09fbdc118597196a0b32,43f4e9aac5c7572227d8ba55d60dd64b,2f49671c7ab81b2f435d9b650e35b8c1,e16b676be413d87d83edb9aef7b847f4,0,4,0,0,-1,0,-1,-1
i5028,5028,"0,1,2,3",4,fd25841d02dc0962dc11749719b20b32,c5f4e9aac5c7577327d89355d631d64b,3c49671c7ab81b1a435dd2650ec3b8c1,5c6b676be413d82d83ed6eaef7e047f4,4,4,4,4,0,0,0,0
i5032,5032,"0,2,3",3,6d25841d02dc0989dc114a9719500b32,8df4e9aac5c7573a27d8d055d6e4d64b,3049671c7ab81bca435d95650e20b8c1,1e6b676be413d8b683ed7faef72f47f4,4,0,4,4,0,-1,0,0
i5036,5036,"0,1,2,3",4,6d25841d02dc0989dc114a9719500b32,43f4e9aac5c7572227d8ba55d60dd64b,3049671c7ab81bca435d95650e20b8c1,1e6b676be413d8b683ed7faef72f47f4,4,4,4,4,0,0,0,0
i5040,5040,"0,1,2,3",4,3925841d02dc09fbdc118597196a0b32,8df4e9aac5c7573a27d8d055d6e4d64b,2f49671c7ab81b2f435d9b650e35b8c1,e16b676be413d87d83edb9aef7b847f4,0,0,0,0,-1,-1,-1,-1
i5044,5044,"0,1,2,3",4,f925841d02dc090cdc117d9719680b32,2af4e9aac5c757f427d80c55d692d64b,3a49671c7ab81b59435d82650e34b8c1,1a6b676be413d89d83edb1aef7ae47f4,4,4,4,4,0,0,0,0
i5048,5048,"0,1,2,3",4,3925845602dcfbfbdc7c85971c6a0b32,8df4e94ac5c7a13a27f6d0554de4d64b,2f4967e47ab8f32f437b9b65c735b8c1,e16b67ffe413cd7d8371b9aed7b847f4,4,4,4,4,3,3,3,3
i5052,5052,"0,1,2,3",4,3925ea1d020809fbce118597196a0b35,8df435aac547573a64d8d055d6e4d6ab,2f49f41c7a021b2f1f5d9b650e35b83a,e16b916be44ad87de9edb9aef7b847ec,4,4,4,4,2,2,2,2
i5056,5056,"0,1,2,3",4,3925251d020109fbfe118597196a0bfa,8df40eaac50c573a66d8d055d6e4d655,2f499b1c7a861b2f565d9b650e35b8a2,e16b946be4cfd87dbfedb9aef7b84755,4,4,4,4,2,2,2,2
i5060,5060,"0,1,2,3",4,395c841dc3dc09fbdc1185b7196ad432,8d14e9aa46c7573a27d8d0b6d6e4f94b,2f1f671ca3b81b2f435d9b7a0e3501c1,e166676bba13d87d83edb9daf7b8e1f4,4,4,4,4,1,1,1,1
i5064,5064,"0,1,2,3",4,3972841da5dc09fbdc11858e196aaa32,8df8e9aa0fc7573a27d8d002d6e4c74b,2f8f671cc5b81b2f435d9b610e3506c1,e1c0676bbb13d87d83edb9a6f7b8a2f4,4,4,4,4,1,1,1,1
i5068,5068,"0,1,2,3",4,0a25841d02dc09cfdc119e9719380b32,0bf4e9aac5c757e727d85255d621d64b,ee49671c7ab81bbb435df4650ec0b8c1,ac6b676be413d83883edbeaef72947f4,4,4,4,4,0,0,0,0
i5072,5072,"0,1,2,3",4,3925848902dc0efbdc198597816a0b32,8df4e999c5c7b53a272fd055fee4d64b,2f49675f7ab8422f435f9b656c35b8c1,e16b6779e413fc7d830ab9ae0eb847f4,4,4,4,4,3,3,3,3
i5076,5076,"0,1,2,3",4,3925841602dc1efbdc3685976a6a0b32,8df4e9afc5c7d13a2765d05593e4d64b,2f4967757ab8af2f43cb9b659c35b8c1,e16b679fe413227d83abb9ae00b847f4,4,4,4,4,3,3,3,3
i5080,5080,"0,1,2,3",4,3925b01d02a509fb6f118597196a0b81,8df4edaac56c573a59d8d055d6e4d6b8,2f49811c7a831b2f2b5d9b650e35b8d4,e16b2f6be4eed87d80edb9aef7b84742,4,4,4,4,2,2,2,2
i5084,5084,"0,1,2,3",4,3925771d02ce09fb3b118597196a0bb7,8df448aac5dd573a3dd8d055d6e4d67e,2f49381c7a041b2f935d9b650e35b858,e16b916be4efd87deeedb9aef7b847a2,4,4,4,4,2,2,2,2
i5088,5088,"0,1,2,3",4,3931841de7dc09fbdc118541196a2332,8d98e9aa50c7573a27d8d084d6e40c4b,2f04671c4db81b2f435d9b9d0e35cfc1,e118676b8413d87d83edb9ecf7b85af4,4,4,4,4,1,1,1,1
i5092,5092,"0,1,2,3",4,e425841d02dc0948dc11a49719110b32,d6f4e9aac5c7577227d82255d62cd64b,7349671c7ab81b54435d52650ef6b8c1,8e6b676be413d88883ed75aef7b247f4,4,4,4,4,0,0,0,0
i5096,5096,"0,1,2,3",4,392584b902dcabfbdc8e8597af6a0b32,8df4e982c5c7583a2713d0551ce4d64b,2f4967907ab8372f43329b659335b8c1,e16b6731e4133c7d839db9aee8b847f4,4,4,4,4,3,3,3,3
i5100,5100,"0,1,2,3",4,392584c302dc53fbdc268597ba6a0b32,8df4e9c8c5c7773a27b1d0555de4d64b,2f4967bb7ab8702f43b79b652e35b8c1,e16b670ee413aa7d83e7b9aefcb847f4,4,4,4,4,3,3,3,3
i5104,5104,"0,1,2,3",4,3925231d026109fbe5118597196a0bbf,8df452aac52c573a30d8d055d6e4d65b,2f49dc1c7a021b2fc65d9b650e35b856,e16bce6be4e1d87d7dedb9aef7b84799,4,4,4,4,2,2,2,2
i5108,5108,"0,1,2,3",4,3929841d49dc09fbdc11855c196ab732,8dc4e9aab1c7573a27d8d05ed6e4214b,2ffd671c30b81b2f435d9b480e351fc1,e1eb676bb513d87d83edb9fcf7b8f1f4,4,4,4,4,1,1,1,1
i5112,5112,"0,1,2,3",4,6d25841d02dc0989dc114a9719500b32,43f4e9aac5c7572227d8ba55d60dd64b,3049671c7ab81bca435d95650e20b8c1,1e6b676be413d8b683ed7faef72f47f4,4,4,4,4,0,0,0,0
i5116,5116,"0,1,2,3",4,f925841d02dc090cdc117d9719680b32,2af4e9aac5c757f427d80c55d692d64b,3a49671c7ab81b59435d82650e34b8c1,1a6b676be413d89d83edb1aef7ae47f4,4,4,4,4,0,0,0,0
i5120,5120,"0,1,2,3",4,3925842102dc8ffbdcd38597976a0b32,8df4e933c5c7fb3a2746d05561e4d64b,2f4967907ab8ca2f434f9b656735b8c1,e16b6760e4132f7d83efb9aefbb847f4,4,4,4,4,3,3,3,3
i5124,5124,"0,1,2,3",4,3925bb1d020409fb73118597196a0b0b,8df417aac55f573ae6d8d055d6e4d637,2f49791c7ae41b2f385d9b650e35b840,e16b796be40cd87dc1edb9aef7b8470f,4,4,4,4,2,2,2,2
i5128,5128,"0,1,2,3",4,3972841da5dc09fbdc11858e196aaa32,8df8e9aa0fc7573a27d8d002d6e4c74b,2f8f671cc5b81b2f435d9b610e3506c1,e1c0676bbb13d87d83edb9a6f7b8a2f4,4,4,4,4,1,1,1,1
i5132,5132,"0,1,2,3",4,9925841d02dc093cdc11be97194d0b32,a9f4e9aac5c7577527d85155d695d64b,de49671c7ab81b83435d1d650efeb8c1,9b6b676be413d8e083ed68aef74547f4,4,4,4,4,0,0,0,0
i5136,5136,"0,1,2,3",4,3925847002dc79fbdc0a8597df6a0b32,8df4e982c5c72a3a2793d0551ee4d64b,2f4967ba7ab83d2f43f79b65fb35b8c1,e16b67e3e413397d8372b9ae73b847f4,4,4,4,4,3,3,3,3
i5140,5140,"0,1,2,3",4,3925771d02ce09fb3b118597196a0bb7,8df448aac5dd573a3dd8d055d6e4d67e,2f49381c7a041b2f935d9b650e35b858,e16b916be4efd87deeedb9aef7b847a2,4,4,4,4,2,2,2,2
i5144,5144,"0,1,2,3",4,397e841d33dc09fbdc1185c0196a7732,8d8ae9aae0c7573a27d8d00ed6e4e44b,2f14671cf1b81b2f435d9be50e353ac1,e120676b9013d87d83edb91af7b8dcf4,4,4,4,4,1,1,1,1
i5148,5148,"0,1,2,3",4,2a25841d02dc0971dc11fc9719dd0b32,90f4e9aac5c7570427d83455d6efd64b,c349671c7ab81b09435ddc650e69b8c1,ee6b676be413d8e783ed96aef7f447f4,4,4,4,4,0,0,0,0
i5152,5152,"0,1,2,3",4,392584c302dc53fbdc268597ba6a0b32,8df4e9c8c5c7773a27b1d0555de4d64b,2f4967bb7ab8702f43b79b652e35b8c1,e16b670ee413aa7d83e7b9aefcb847f4,4,4,4,4,3,3,3,3
i5156,5156,"0,1,2,3",4,3925ce1d02af09fb6e118597196a0bfc,8df44caac5c5573ad0d8d055d6e4d6f2,2f49191c7a4e1b2ff55d9b650e35b83b,e16bfa6be478d87d34edb9aef7b8478a,4,4,4,4,2,2,2,2
i5160,5160,"0,1,2,3",4,390c841deddc09fbdc1185e9196acd32,8de0e9aa3ac7573a27d8d0b6d6e4d74b,2f9c671c44b81b2f435d9b5c0e352ac1,e1b7676ba213d87d83edb9b9f7b8a9f4,4,4,4,4,1,1,1,1
i5164,5164,"0,1,2,3",4,3925847002dc5ffbdcc88597ca6a0b32,8df4e982c5c7dd3a27c3d055c8e4d64b,2f4967ba7ab8142f43109b657b35b8c1,e16b67e3e413387d8387b9ae2eb847f4,4,4,4,4,3,3,3,3
i5168,5168,"0,1,2,3",4,3925bb1d020409fb73118597196a0b0b,8df417aac55f573ae6d8d055d6e4d637,2f49791c7ae41b2f385d9b650e35b840,e16b796be40cd87dc1edb9aef7b8470f,4,4,4,4,2,2,2,2
i5172,5172,"0,1,2,3",4,2a25841d02dc0986dc119797196b0b32,90f4e9aac5c7576d27d8ab55d63ad64b,c349671c7ab81b3e435dd7650e39b8c1,ee6b676be413d84683ede4aef7b347f4,4,4,4,4,0,0,0,0
i5176,5176,"0,1,2,3",4,00000000000000000000000000000000,00000000000000000000000000000000,00000000000000000000000000000000,00000000000000000000000000000000,16,16,16,16,-1,-1,-1,-1
i5180,5180,"0,1,2,3",4,3925841d02dc09fbdc118597196a0b32,8df4e9aac5c7573a27d8d055d6e4d64b,c349671c7ab81b2f435d9b650e35b8c1,ee6b676be413d87d83edb9aef7b847f4,0,0,1,1,-1,-1,-1,-1
i5184,5184,"0,1,2,3",4,3925841d02dc09fbdc118597196a0b32,8df4e9aac5c7573a27d8d055d6e4d64b,e349671c7ab81b2f435d9b650e35b8c1,466b676be413d87d83edb9aef7b847f4,0,0,1,1,-1,-1,-1,-1
i5188,5188,"2,3",2,3925841d02dc09fbdc118597196a0b32,8df4e9aac5c7573a27d8d055d6e4d64b,2f49671c7ab81b2f435de7650e35b8c1,e16b676be413d87d83edceaef7b847f4,0,0,1,1,-1,-1,-1,-1
i5192,5192,"2,3",2,3925841d02dc09fbdc118597196a0b32,8df4e9aac5c7573a27d8d055d6e4d64b,c349671c7ab81b09435dd6650e39b8c1,ee6b676be413d8e783edd4aef7b347f4,0,0,4,4,-1,-1,0,0
i5196,5196,"0,1",2,3925841d02dc09fbdc11859719b70b32,8df4e9aac5c7573a27d8d055d6f3d64b,2f49671c7ab81b2f435d9b650e35b8c1,e16b676be413d87d83edb9aef7b847f4,1,1,0,0,-1,-1,-1,-1
i5200,5200,"0,1",2,3925841d02dc09fbdc11fc97196a0b32,8df4e9aac5c7573a27d83455d6e4d64b,2f49671c7ab81b2f435d9b650e35b8c1,e16b676be413d87d83edb9aef7b847f4,1,1,0,0,-1,-1,-1,-1
i5204,5204,"0,1,2,3",4,3925841d02dc09fbdc118597196b0b32,8df4e9aac5c7573a27d8d055d6e4d64b,2f49671c7ab81b2f435d9b650e35b8c1,e16b676be413d87d83edb9aef7b347f4,1,0,0,1,-1,-1,-1,-1
i5208,5208,"0,1,2,3",4,3925841d02dc09fbdc11859719650b32,8df4e9aac5c7573a27d8d055d615d64b,2f49671c7ab81b2f435d9b650e29b8c1,e16b676be413d87d83edb9aef7b947f4,1,1,1,1,-1,-1,-1,-1
i5212,5212,"1,2",2,3925841d02dc09fbdc118597196a0b32,8df4e9aac5c7573a27d8d055d63ad64b,2f49671c7ab81b2f435d9b650e39b8c1,e16b676be413d87d83edb9aef7b847f4,0,1,1,0,-1,-1,-1,-1
i5216,5216,"0,1,2,3",4,3925841d02dc09fbdc118597196b0b32,8df4e9aac5c7573a27d8d055d63ad64b,2f49671c7ab81b2f435d9b650e39b8c1,e16b676be413d87d83edb9aef7b347f4,1,1,1,1,-1,-1,-1,-1
i5220,5220,"0,1,2,3",4,3925841d02dc09fbdc118597196a0b32,8df4e9aac5c7573a27d8c855d6e4d64b,2f49671c7ab81b2f435d9b650e35b8c1,e16b676be413d87d83edb9aef7b847f4,0,1,0,0,-1,-1,-1,-1
i5224,5224,1,1,3925841d02dc09fbdc118597196a0b32,8df4e9aac5c7573a27d85c55d6e4d64b,2f49671c7ab81b2f435d9b650e35b8c1,e16b676be413d87d83edb9aef7b847f4,0,1,0,0,-1,-1,-1,-1
i5228,5228,"0,1,2,3",4,3925841d02dc09fbdc11db97196a0b32,8df4e9aac5c7573a27d85c55d6e4d64b,2f49671c7ab81b2f435dd6650e35b8c1,e16b676be413d87d83edd4aef7b847f4,1,1,1,1,-1,-1,-1,-1
i5232,5232,"0,1,2,3",4,3925841d02dc09fbdc118597196a0b32,8df4e9aac5c7573a27d8d055d6e4d64b,2f49671c7ab81b2f435d9b650e35b8c1,e16b676be413d87d83edb9aef7b847f4,0,0,0,0,-1,-1,-1,-1
i5236,5236,"0,1,2,3",4,3925841d02dc0971dc118597196a0b32,8df4e9aac5c7570427d8d055d6e4d64b,2f49671c7ab81b09435d9b650e35b8c1,e16b676be413d8e783edb9aef7b847f4,1,1,1,1,-1,-1,-1,-1
i5244,5244,"0,1,2,3",4,390c841dd3dc09fbdc1185e9196aca32,8de0e9aaddc7573a27d8d0b6d6e49b4b,2f9c671c18b81b2f435d9b5c0e351ec1,e1b7676b2813d87d83edb9b9f7b8cff4,4,4,4,4,1,1,1,1
i5248,5248,"0,1,2,3",4,392a841dd3dc09fbdc1185e9196aca32,8ddbe9aaddc7573a27d8d0b6d6e49b4b,2f54671c18b81b2f435d9b5c0e351ec1,e136676b2813d87d83edb9b9f7b8cff4,4,4,4,4,1,1,1,1
i5252,5252,"0,2,3",3,3925841d20dc09fbdc118597196a0b32,8df4e9aac5c7573a27d8d055d6e4d64b,2f49671c37b81b2f435d9b650e35b8c1,e16b676b2513d87d83edb9aef7b847f4,1,0,1,1,-1,-1,-1,-1
i5256,5256,"0,2,3",3,3925841d02dc09fbdc118597196a0b32,8df4e9aac5c7573a27d8d055d6e4d64b,2f49671c7ab81b2f435d9b650e35b8c1,e16b676be413d87d83edb9aef7b847f4,0,0,0,0,-1,-1,-1,-1
i5260,5260,1,1,3925841d02dc09fbdc118597196a0b32,8df4e9aa2ac7573a27d8d055d6e4d64b,2f49671c7ab81b2f435d9b650e35b8c1,e16b676be413d87d83edb9aef7b847f4,0,1,0,0,-1,-1,-1,-1
i5264,5264,1,1,3925841d02dc09fbdc118597196a0b32,8df4e9aac5c7573a27d8d055d6e4d64b,2f49671c7ab81b2f435d9b650e35b8c1,e16b676be413d87d83edb9aef7b847f4,0,0,0,0,-1,-1,-1,-1
i5268,5268,"0,1,2,3",4,3925841deddc09fbdc118597196a0b32,8df4e9aa3ac7573a27d8d055d6e4d64b,2f49671c44b81b2f435d9b650e35b8c1,e16b676ba213d87d83edb9aef7b847f4,1,1,1,1,-1,-1,-1,-1
i5272,5272,"0,1,2,3",4,3925841deddc09fbdc118597196a0b32,8df4e9aa3ac7573a27d8d055d6e4d64b,2f49671c44b81b2f435d9b650e35b8c1,e16b676ba213d87d83edb9aef7b847f4,1,1,1,1,-1,-1,-1,-1
i5276,5276,"1,3",2,3925841d02dc09fbdc118597196a0b32,8ddbe9aac5c7573a27d8d055d6e4d64b,2f49671c7ab81b2f435d9b650e35b8c1,e136676be413d87d83edb9aef7b847f4,0,1,0,1,-1,-1,-1,-1
i5280,5280,"0,1,2,3",4,3925841d02dc09fbdc118597196aca32,8df4e9aac5c7573a27d8d055d6e49b4b,2f49671c7ab81b2f435d9b650e35b8c1,e16b676be413d87d83edb9aef7b8cff4,1,1,0,1,-1,-1,-1,-1
i5284,5284,"0,1,2,3",4,3925841d02dc09fbdc118597196a0b32,8df4e9aac5c7573a27d8d055d6e4d64b,2f49671c7ab81b2f435d9b650e35b8c1,e16b676be413d87d83edb9aef7b847f4,0,0,0,0,-1,-1,-1,-1
i5288,5288,2,1,3925841d02dc09fbdc118597196a0b32,8df4e9aac5c7573a27d8d055d6e4d64b,2f49671c7ab81b2f435d9b650e351ec1,e16b676be413d87d83edb9aef7b847f4,0,0,1,0,-1,-1,-1,-1
i5292,5292,"0,1,2,3",4,3925841d02dc09fbdc118597196aca32,8df4e9aac5c7573a27d8d055d6e49b4b,2f49671c7ab81b2f435d9b650e351ec1,e16b676be413d87d83edb9aef7b8cff4,1,1,1,1,-1,-1,-1,-1
i5296,5296,"0,1,2,3",4,3925841d02dc09fbdc118513196a0b32,8df4e9aac5c7573a27d8d057d6e4d64b,2f49671c7ab81b2f435d9b650e35b8c1,e16b676be413d87d83edb9aef7b847f4,1,1,0,0,-1,-1,-1,-1
i5300,5300,"2,3",2,3925841d02dc09fbdc118597196a0b32,8df4e9aac5c7573a27d8d055d6e4d64b,2f49671c7ab81b2f435d9b5c0e35b8c1,e16b676be413d87d83edb9b9f7b847f4,0,0,1,1,-1,-1,-1,-1
i5304,5304,"0,1,2,3",4,3925841d02dc09fbdc1185e9196a0b32,8df4e9aac5c7573a27d8d0b6d6e4d64b,2f49671c7ab81b2f435d9b5c0e35b8c1,e16b676be413d87d83edb9b9f7b847f4,1,1,1,1,-1,-1,-1,-1
i5308,5308,"0,1,2,3",4,3925371d02b609fb60118597196a0bf2,8df415aac583573a20d8d055d6e4d69d,2f494e1c7ab41b2f825d9b650e35b86c,e16b4e6be4f3d87d29edb9aef7b847a6,4,4,4,4,2,2,2,2
i5312,5312,"0,1,2,3",4,3925f81d02b609fb73118597196a0bf2,8df4caaac583573ae6d8d055d6e4d69d,2f495f1c7ab41b2f385d9b650e35b86c,e16b5f6be4f3d87dc1edb9aef7b847a6,4,4,4,4,2,2,2,2
i5316,5316,"0,1,3",3,3925841d02dc09fb73118597196a0b32,8df4e9aac5c7573ae6d8d055d6e4d64b,2f49671c7ab81b2f435d9b650e35b8c1,e16b676be413d87dc1edb9aef7b847f4,1,1,0,1,-1,-1,-1,-1
i5320,5320,"0,1,3",3,3925f81d02b609fb73118597196a0b0b,8df4caaac583573ae6d8d055d6e4d637,2f49671c7ab81b2f435d9b650e35b8c1,e16b5f6be4f3d87dc1edb9aef7b8470f,4,4,0,4,2,2,-1,2
i5324,5324,"0,1,3",3,3925841d02dc09fb73118597196a0b32,8df4e9aac5c7573ae6d8d055d6e4d64b,2f49671c7ab81b2f435d9b650e35b8c1,e16b676be413d87dc1edb9aef7b847f4,1,1,0,1,-1,-1,-1,-1
i5328,5328,2,1,3925841d02dc09fbdc118597196a0b32,8df4e9aac5c7573a27d8d055d6e4d64b,2f495f1c7ab41b2f385d9b650e35b840,e16b676be413d87d83edb9aef7b847f4,0,0,4,0,-1,-1,2,-1
i5332,5332,2,1,3925841d02dc09fbdc118597196a0b32,8df4e9aac5c7573a27d8d055d6e4d64b,2f49671c7ab81b2f385d9b650e35b8c1,e16b676be413d87d83edb9aef7b847f4,0,0,1,0,-1,-1,-1,-1
i5336,5336,"0,1,2,3",4,3925841d02dc09fb73118597196a0b32,8df4e9aac5c7573ae6d8d055d6e4d64b,2f49671c7ab81b2f385d9b650e35b8c1,e16b676be413d87dc1edb9aef7b847f4,1,1,1,1,-1,-1,-1,-1
i5340,5340,"0,1,2,3",4,3925841d02dc09fbdc118597196a0b32,8df4e9aac5c7573a27d8d055d6e4d64b,2f49671c7ab81b2f435d9b650e35b8c1,e16b676be413d87d83edb9aef7b847f4,0,0,0,0,-1,-1,-1,-1
i5344,5344,"0,1,2,3",4,3925841d02b609fbdc118597196a0b32,8df4e9aac583573a27d8d055d6e4d64b,2f49671c7ab41b2f435d9b650e35b8c1,e16b676be4f3d87d83edb9aef7b847f4,1,1,1,1,-1,-1,-1,-1
i5348,5348,"0,1,2,3",4,3925841d02b609fbdc118597196a0b32,8df4e9aac583573a27d8d055d6e4d64b,2f49671c7ab41b2f435d9b650e35b8c1,e16b676be4f3d87d83edb9aef7b847f4,1,1,1,1,-1,-1,-1,-1
i5352,5352,"0,1,2",3,3925371d02dc09fbdc118597196a0b32,8df415aac5c7573a27d8d055d6e4d64b,2f494e1c7ab81b2f435d9b650e35b8c1,e16b676be413d87d83edb9aef7b847f4,1,1,1,0,-1,-1,-1,-1
i5356,5356,"0,1,2,3",4,3925841d02dc09fbdc118597196a0b32,8df4e9aac5c7573a27d8d055d6e4d637,2f49671c7ab81b2f435d9b650e35b8c1,e16b676be413d87d83edb9aef7b8470f,0,1,0,1,-1,-1,-1,-1
i5360,5360,"0,1,2,3",4,3925841d02dc09fbdc118597196a0bd1,8df4e9aac5c7573a27d8d055d6e4d6e8,2f49671c7ab81b2f435d9b650e35b879,e16b676be413d87d83edb9aef7b84733,1,1,1,1,-1,-1,-1,-1
i5364,5364,"0,2",2,3925841d02dc09fbdc118597196a0b0b,8df4e9aac5c7573a27d8d055d6e4d64b,2f49671c7ab81b2f435d9b650e35b840,e16b676be413d87d83edb9aef7b847f4,1,0,1,0,-1,-1,-1,-1
i5368,5368,"0,1,2,3",4,3925841d02dc09fbdc118597196a0b0b,8df4e9aac5c7573a27d8d055d6e4d637,2f49671c7ab81b2f435d9b650e35b840,e16b676be413d87d83edb9aef7b8470f,1,1,1,1,-1,-1,-1,-1
i5372,5372,"0,1,2,3",4,392584a702dc0bfbdcd885970c6a0b32,8df4e9c9c5c75d3a27efd0556ee4d64b,2f4967c77ab8972f436a9b65bb35b8c1,e16b67dae413ab7d83ecb9aeaab847f4,4,4,4,4,3,3,3,3
i5376,5376,"0,1,2,3",4,3925847002dc4ffbdc0a8597df6a0b32,8df4e982c5c7d73a2793d0551ee4d64b,2f4967ba7ab83a2f43f79b65fb35b8c1,e16b67e3e413c77d8372b9ae73b847f4,4,4,4,4,3,3,3,3
i5380,5380,"0,1,2,3",4,,,,,-1,-1,-1,-1,-1,-1,-1,-1
i5384,5384,"0,1,2,3",4,3925847002dc4ffbdcd48597df6a0b32,8df4e982c5c7d73a27bbd0551ee4d64b,2f4967ba7ab83a2f431f9b65fb35b8c1,e16b67e3e413c77d83f2b9ae73b847f4,4,4,4,4,3,3,3,3
i5388,5388,"0,1,2,3",4,3925841d02dc09fbdc118597df6a0b32,8df4e9aac5c7573a27d8d0551ee4d64b,2f49671c7ab81b2f435d9b65fb35b8c1,e16b676be413d87d83edb9ae73b847f4,1,1,1,1,-1,-1,-1,-1
i5392,5392,"0,1,2,3",4,3925841d02dc09fbdc118597df6a0b32,8df4e9aac5c7573a27d8d0551ee4d64b,2f49671c7ab81b2f435d9b65fb35b8c1,e16b676be413d87d83edb9ae73b847f4,1,1,1,1,-1,-1,-1,-1
i5396,5396,"0,1,2,3",4,3925841d02dc09fbdc118597196a0b32,8df4e9aac5c7573a27d8d055d6e4d64b,2f49671c7ab81b2f435d9b650e35b8c1,e16b676be413d87d83edb9aef7b847f4,0,0,0,0,-1,-1,-1,-1
i5400,5400,"0,1,2,3",4,3925841d02dc09fbdcd48597196a0b32,8df4e9aac5c7573a27bbd055d6e4d64b,2f49671c7ab81b2f431f9b650e35b8c1,e16b676be413d87d83f2b9aef7b847f4,1,1,1,1,-1,-1,-1,-1
i5404,5404,"0,1,2,3",4,3925841d02dc09fbdcd48597196a0b32,8df4e9aac5c7573a27bbd055d6e4d64b,2f49671c7ab81b2f431f9b650e35b8c1,e16b676be413d87d83f2b9aef7b847f4,1,1,1,1,-1,-1,-1,-1
i5408,5408,"0,1,2",3,3925841d02dc5ffbdc118597196a0b32,8df4e9aac5c7dd3a27d8d055d6e4d64b,2f49671c7ab8142f435d9b650e35b8c1,e16b676be413d87d83edb9aef7b847f4,1,1,1,0,-1,-1,-1,-1
i5412,5412,"0,1,2,3",4,3925847002dc09fbdc118597196a0b32,8df4e9aac5c7573a27d8d055d6e4d64b,2f49671c7ab81b2f435d9b650e35b8c1,e16b676be413d87d83edb9aef7b847f4,1,0,0,0,-1,-1,-1,-1
i5416,5416,"0,1,2,3",4,3925843202dc09fbdc118597196a0b32,8df4e9dbc5c7573a27d8d055d6e4d64b,2f49678e7ab81b2f435d9b650e35b8c1,e16b675ee413d87d83edb9aef7b847f4,1,1,1,1,-1,-1,-1,-1
i5420,5420,"1,2,3",3,3925841d02dc09fbdc118597196a0b32,8df4e982c5c7573a27d8d055d6e4d64b,2f4967ba7ab81b2f435d9b650e35b8c1,e16b67e3e413d87d83edb9aef7b847f4,0,1,1,1,-1,-1,-1,-1
i5424,5424,"0,1,2,3",4,3925847002dc09fbdc118597196a0b32,8df4e982c5c7573a27d8d055d6e4d64b,2f4967ba7ab81b2f435d9b650e35b8c1,e16b67e3e413d87d83edb9aef7b847f4,1,1,1,1,-1,-1,-1,-1
i5428,5428,"0,1,2,3",4,3925841d02dc09fbdc118597196a0b32,8df4e9aac5c7573a27d8d055d6e4d64b,2f49671c7ab81b2f435d9b650e35b8c1,e16b676be413d87d83edb9aef7b847f4,0,0,0,0,-1,-1,-1,-1
i5432,5432,"0,1,2,3",4,2a25841d02dc09fbdc118597196a0b32,90f4e9aac5c7573a27d8d055d6e4d64b,c349671c7ab81b2f435d9b650e35b8c1,ee6b676be413d87d83edb9aef7b847f4,1,1,1,1,-1,-1,-1,-1
i5436,5436,"0,1,2,3",4,3925841d02dc09fbdc11859719f90b32,8df4e9aac5c7573a27d8d055d63dd64b,2f49671c7ab81b2f435d9b650ee8b8c1,e16b676be413d87d83edb9aef73f47f4,1,1,1,1,-1,-1,-1,-1
i5440,5440,"0,1,2,3",4,3925841d02dc09fbdc116497196a0b32,8df4e9aac5c7573a27d80255d6e4d64b,2f49671c7ab81b2f435db6650e35b8c1,e16b676be413d87d83ed81aef7b847f4,1,1,1,1,-1,-1,-1,-1
i5444,5444,"0,1,2,3",4,3925841d02dc09fbdc11db97196a0b32,8df4e9aac5c7573a27d85c55d6e4d64b,2f49671c7ab81b2f435dd6650e35b8c1,e16b676be413d87d83edd4aef7b847f4,1,1,1,1,-1,-1,-1,-1
i5448,5448,"0,1,2,3",4,3925841d02dc0971dc118597196a0b32,8df4e9aac5c7570427d8d055d6e4d64b,2f49671c7ab81b09435d9b650e35b8c1,e16b676be413d8e783edb9aef7b847f4,1,1,1,1,-1,-1,-1,-1
i5452,5452,"0,1,2,3",4,3925841deddc09fbdc118597196a0b32,8df4e9aa3ac7573a27d8d055d6e4d64b,2f49671c44b81b2f435d9b650e35b8c1,e16b676ba213d87d83edb9aef7b847f4,1,1,1,1,-1,-1,-1,-1
i5456,5456,"0,1,2,3",4,3940841d02dc09fbdc118597196a0b32,8d9be9aac5c7573a27d8d055d6e4d64b,2fe1671c7ab81b2f435d9b650e35b8c1,e14b676be413d87d83edb9aef7b847f4,1,1,1,1,-1,-1,-1,-1
i5460,5460,"0,1,2,3",4,3925841d02dc09fbdc118597196ab532,8df4e9aac5c7573a27d8d055d6e4b64b,2f49671c7ab81b2f435d9b650e358bc1,e16b676be413d87d83edb9aef7b8c6f4,1,1,1,1,-1,-1,-1,-1
i5464,5464,"0,1,2,3",4,3925841d02dc09fbdc118597196aca32,8df4e9aac5c7573a27d8d055d6e49b4b,2f49671c7ab81b2f435d9b650e351ec1,e16b676be413d87d83edb9aef7b8cff4,1,1,1,1,-1,-1,-1,-1
i5468,5468,"0,1,2,3",4,3925841d02dc09fbdc1185e9196a0b32,8df4e9aac5c7573a27d8d0b6d6e4d64b,2f49671c7ab81b2f435d9b5c0e35b8c1,e16b676be413d87d83edb9b9f7b847f4,1,1,1,1,-1,-1,-1,-1
i5472,5472,"0,1,2,3",4,3925841d02dc09fb73118597196a0b32,8df4e9aac5c7573ae6d8d055d6e4d64b,2f49671c7ab81b2f385d9b650e35b8c1,e16b676be413d87dc1edb9aef7b847f4,1,1,1,1,-1,-1,-1,-1
i5476,5476,"0,1,2,3",4,3925841d02b609fbdc118597196a0b32,8df4e9aac583573a27d8d055d6e4d64b,2f49671c7ab41b2f435d9b650e35b8c1,e16b676be4f3d87d83edb9aef7b847f4,1,1,1,1,-1,-1,-1,-1
i5480,5480,"0,1,2,3",4,3925371d02dc09fbdc118597196a0b32,8df415aac5c7573a27d8d055d6e4d64b,2f494e1c7ab81b2f435d9b650e35b8c1,e16b4e6be413d87d83edb9aef7b847f4,1,1,1,1,-1,-1,-1,-1
i5484,5484,"0,1,2,3",4,3925841d02dc09fbdc118597196a0b0b,8df4e9aac5c7573a27d8d055d6e4d637,2f49671c7ab81b2f435d9b650e35b840,e16b676be413d87d83edb9aef7b8470f,1,1,1,1,-1,-1,-1,-1
i5488,5488,"0,1,2,3",4,3925841d02dc09fbdc118597df6a0b32,8df4e9aac5c7573a27d8d0551ee4d64b,2f49671c7ab81b2f435d9b65fb35b8c1,e16b676be413d87d83edb9ae73b847f4,1,1,1,1,-1,-1,-1,-1
i5492,5492,"0,1,2,3",4,3925841d02dc09fbdcd48597196a0b32,8df4e9aac5c7573a27bbd055d6e4d64b,2f49671c7ab81b2f431f9b650e35b8c1,e16b676be413d87d83f2b9aef7b847f4,1,1,1,1,-1,-1,-1,-1
i5496,5496,"0,1,2,3",4,3925841d02dc5ffbdc118597196a0b32,8df4e9aac5c7dd3a27d8d055d6e4d64b,2f49671c7ab8142f435d9b650e35b8c1,e16b676be413387d83edb9aef7b847f4,1,1,1,1,-1,-1,-1,-1
i5500,5500,"0,1,2,3",4,3925847002dc09fbdc118597196a0b32,8df4e982c5c7573a27d8d055d6e4d64b,2f4967ba7ab81b2f435d9b650e35b8c1,e16b67e3e413d87d83edb9aef7b847f4,1,1,1,1,-1,-1,-1,-1
i5504,5504,"0,1,2,3",4,2a25841d02dc09fbdc118597196a0b32,90f4e9aac5c7573a27d8d055d6e4d64b,c349671c7ab81b2f435d9b650e35b8c1,ee6b676be413d87d83edb9aef7b847f4,1,1,1,1,-1,-1,-1,-1
i5508,5508,"0,1,2,3",4,3925841d02dc09fbdc11859719a30b32,8df4e9aac5c7573a27d8d055d6dcd64b,2f49671c7ab81b2f435d9b650e9cb8c1,e16b676be413d87d83edb9aef75147f4,1,1,1,1,-1,-1,-1,-1
i5512,5512,"0,1,2,3",4,3925841d02dc09fbdc117a97196a0b32,8df4e9aac5c7573a27d82f55d6e4d64b,2f49671c7ab81b2f435d64650e35b8c1,e16b676be413d87d83ed46aef7b847f4,1,1,1,1,-1,-1,-1,-1
i5516,5516,"0,1,2,3",4,3925841deddc09fbdc118597196a0b32,8df4e9aa3ac7573a27d8d055d6e4d64b,2f49671c44b81b2f435d9b650e35b8c1,e16b676ba213d87d83edb9aef7b847f4,1,1,1,1,-1,-1,-1,-1
i5520,5520,"0,1,2,3",4,39d3841d02dc09fbdc118597196a0b32,8d14e9aac5c7573a27d8d055d6e4d64b,2f36671c7ab81b2f435d9b650e35b8c1,e1de676be413d87d83edb9aef7b847f4,1,1,1,1,-1,-1,-1,-1
i5524,5524,"0,1,2,3",4,3925841d02dc09fbdc118597196af432,8df4e9aac5c7573a27d8d055d6e4294b,2f49671c7ab81b2f435d9b650e3547c1,e16b676be413d87d83edb9aef7b8b8f4,1,1,1,1,-1,-1,-1,-1
i5528,5528,"0,1,2,3",4,3925841d02dc09fb73118597196a0b32,8df4e9aac5c7573ae6d8d055d6e4d64b,2f49671c7ab81b2f385d9b650e35b8c1,e16b676be413d87dc1edb9aef7b847f4,1,1,1,1,-1,-1,-1,-1
i5532,5532,"0,1,2,3",4,3925841d02ee09fbdc118597196a0b32,8df4e9aac593573a27d8d055d6e4d64b,2f49671c7a111b2f435d9b650e35b8c1,e16b676be45cd87d83edb9aef7b847f4,1,1,1,1,-1,-1,-1,-1
i5536,5536,"0,1,2,3",4,39257b1d02dc09fbdc118597196a0b32,8df416aac5c7573a27d8d055d6e4d64b,2f49981c7ab81b2f435d9b650e35b8c1,e16b986be413d87d83edb9aef7b847f4,1,1,1,1,-1,-1,-1,-1
i5540,5540,"0,1,2,3",4,3925841d02dc09fbdc118597df6a0b32,8df4e9aac5c7573a27d8d0551ee4d64b,2f49671c7ab81b2f435d9b65fb35b8c1,e16b676be413d87d83edb9ae73b847f4,1,1,1,1,-1,-1,-1,-1
i5544,5544,"0,1,2,3",4,3925841d02dc09fbdc1f8597196a0b32,8df4e9aac5c7573a27c0d055d6e4d64b,2f49671c7ab81b2f434c9b650e35b8c1,e16b676be413d87d83c0b9aef7b847f4,1,1,1,1,-1,-1,-1,-1
i5548,5548,"0,1,2,3",4,3925841d02dcf6fbdc118597196a0b32,8df4e9aac5c7a83a27d8d055d6e4d64b,2f49671c7ab8e42f435d9b650e35b8c1,e16b676be413277d83edb9aef7b847f4,1,1,1,1,-1,-1,-1,-1
i5552,5552,"0,1,2,3",4,3925841d02dc09fbdc11859719950b32,8df4e9aac5c7573a27d8d055d61bd64b,2f49671c7ab81b2f435d9b650ecab8c1,e16b676be413d87d83edb9aef74747f4,1,1,1,1,-1,-1,-1,-1
i5556,5556,"0,1,2,3",4,3925841d02dc09fbdc117a97196a0b32,8df4e9aac5c7573a27d82f55d6e4d64b,2f49671c7ab81b2f435d64650e35b8c1,e16b676be413d87d83ed46aef7b847f4,1,1,1,1,-1,-1,-1,-1
i5560,5560,"0,1,2,3",4,392584e202dc09fbdc118597196a0b32,8df4e955c5c7573a27d8d055d6e4d64b,2f4967e37ab81b2f435d9b650e35b8c1,e16b6794e413d87d83edb9aef7b847f4,1,1,1,1,-1,-1,-1,-1
i5564,5564,"0,1,2,3",4,c625841d02dc09fbdc118597196a0b32,72f4e9aac5c7573a27d8d055d6e4d64b,d049671c7ab81b2f435d9b650e35b8c1,1e6b676be413d87d83edb9aef7b847f4,1,1,1,1,-1,-1,-1,-1
i5568,5568,"0,1,2,3",4,39da841d02dc09fbdc118597196a0b32,8d0be9aac5c7573a27d8d055d6e4d64b,2fb6671c7ab81b2f435d9b650e35b8c1,e194676be413d87d83edb9aef7b847f4,1,1,1,1,-1,-1,-1,-1
i5572,5572,"0,1,2,3",4,39257b1d02dc09fbdc118597196a0b32,8df416aac5c7573a27d8d055d6e4d64b,2f49981c7ab81b2f435d9b650e35b8c1,e16b986be413d87d83edb9aef7b847f4,1,1,1,1,-1,-1,-1,-1
i5576,5576,"0,1,2,3",4,3925841dfddc09fbdc118597196a0b32,8df4e9aa3ac7573a27d8d055d6e4d64b,2f49671c85b81b2f435d9b650e35b8c1,e16b676b1b13d87d83edb9aef7b847f4,1,1,1,1,-1,-1,-1,-1
i5580,5580,"0,1,2,3",4,3925841d022309fbdc118597196a0b32,8df4e9aac538573a27d8d055d6e4d64b,2f49671c7a471b2f435d9b650e35b8c1,e16b676be4ecd87d83edb9aef7b847f4,1,1,1,1,-1,-1,-1,-1
i5584,5584,"0,1,2,3",4,3925841d02dcf6fbdc118597196a0b32,8df4e9aac5c7a83a27d8d055d6e4d64b,2f49671c7ab8e42f435d9b650e35b8c1,e16b676be413277d83edb9aef7b847f4,1,1,1,1,-1,-1,-1,-1
i5588,5588,"0,1,2,3",4,3925841d02dc09fb23118597196a0b32,8df4e9aac5c7573ad8d8d055d6e4d64b,2f49671c7ab81b2fbc5d9b650e35b8c1,e16b676be413d87d7cedb9aef7b847f4,1,1,1,1,-1,-1,-1,-1
i5592,5592,"0,1,2,3",4,3925841d02dc09fbdcee8597196a0b32,8df4e9aac5c7573a2727d055d6e4d64b,2f49671c7ab81b2f43a29b650e35b8c1,e16b676be413d87d8312b9aef7b847f4,1,1,1,1,-1,-1,-1,-1
i5596,5596,"0,1,2,3",4,3925841d02dc09fbdc117a97196a0b32,8df4e9aac5c7573a27d82f55d6e4d64b,2f49671c7ab81b2f435d64650e35b8c1,e16b676be413d87d83ed46aef7b847f4,1,1,1,1,-1,-1,-1,-1
i5600,5600,"0,1,2,3",4,3925841d02dc09fbdc118597e66a0b32,8df4e9aac5c7573a27d8d05529e4d64b,2f49671c7ab81b2f435d9b65f135b8c1,e16b676be413d87d83edb9ae08b847f4,1,1,1,1,-1,-1,-1,-1
i5604,5604,"0,1,2,3",4,3925841d02dc09fbdc11859719950b32,8df4e9aac5c7573a27d8d055d61bd64b,2f49671c7ab81b2f435d9b650ecab8c1,e16b676be413d87d83edb9aef74747f4,1,1,1,1,-1,-1,-1,-1
i5608,5608,"0,1,2,3",4,3925841d02dc09fbdc118597196af432,8df4e9aac5c7573a27d8d055d6e4294b,2f49671c7ab81b2f435d9b650e3547c1,e16b676be413d87d83edb9aef7b8b8f4,1,1,1,1,-1,-1,-1,-1
i5612,5612,"0,1,2,3",4,3925841d02dc09fbdc118597196a0b32,8df4e9aac5c7573a27d8d055d6e4d64b,2f49671c7ab81b2f435d9b650e35b8c1,e16b676be413d87d83edb9aef7b847f4,0,0,0,0,-1,-1,-1,-1
i5616,5616,"0,1,2,3",4,c625841d02dc09fbdc118597196a0b32,72f4e9aac5c7573a27d8d055d6e4d64b,d049671c7ab81b2f435d9b650e35b8c1,1e6b676be413d87d83edb9aef7b847f4,1,1,1,1,-1,-1,-1,-1
i5620,5620,"0,1,2,3",4,392584e202dc09fbdc118597196a0b32,8df4e955c5c7573a27d8d055d6e4d64b,2f4967e37ab81b2f435d9b650e35b8c1,e16b6794e413d87d83edb9aef7b847f4,1,1,1,1,-1,-1,-1,-1
i5624,5624,"0,1,2,3",4,3925841d02dc0904dc118597196a0b32,8df4e9aac5c757c527d8d055d6e4d64b,2f49671c7ab81bd0435d9b650e35b8c1,e16b676be413d88283edb9aef7b847f4,1,1,1,1,-1,-1,-1,-1
i5628,5628,"0,1,2,3",4,3925841d02dc09fbdc118568196a0b32,8df4e9aac5c7573a27d8d0aad6e4d64b,2f49671c7ab81b2f435d9b9a0e35b8c1,e16b676be413d87d83edb951f7b847f4,1,1,1,1,-1,-1,-1,-1
i5632,5632,"0,1,2,3",4,3925841d02dc09fbdc118597196a0bcd,8df4e9aac5c7573a27d8d055d6e4d6b4,2f49671c7ab81b2f435d9b650e35b83e,e16b676be413d87d83edb9aef7b8470b,1,1,1,1,-1,-1,-1,-1
i5636,5636,"0,1,2,3",4,3925841d02dc09fbdc118597196a0b32,8df4e9aac5c7573a27d8d055d6e4d64b,2f49671c7ab81b2f435d9b650e35b8c1,e16b676be413d87d83edb9aef7b847f4,0,0,0,0,-1,-1,-1,-1
i5640,5640,"0,1,2,3",4,3925841d02dc09fbdc118597196a0b32,8df4e9aac5c7573a27d8d055d6e4d64b,2f49671c7ab81b2f435d9b650e35b8c1,e16b676be413d87d83edb9aef7b847f4,0,0,0,0,-1,-1,-1,-1
i5644,5644,"0,1,2,3",4,3925841d02dc09fbdc118597196a0b32,8df4e9aac5c7573a27d8d055d6e4d64b,2f49671c7ab81b2f435d9b650e35b8c1,e16b676be413d87d83edb9aef7b847f4,0,0,0,0,-1,-1,-1,-1
i5648,5648,"0,1,2,3",4,3925841d02dc09fbdc118597196a0b32,8df4e9aac5c7573a27d8d055d6e4d64b,2f49671c7ab81b2f435d9b650e35b8c1,e16b676be413d87d83edb9aef7b847f4,0,0,0,0,-1,-1,-1,-1
i5652,5652,"0,1,2,3",4,,,,,-1,-1,-1,-1,-1,-1,-1,-1
i5656,5656,"0,1,2,3",4,3925841d02dc09fbdc118597196a0b32,8df4e9aac5c7573a27d8d055d6e4d64b,2f49671c7ab81b2f435d9b650e35b8c1,e16b676be413d87d83edb9aef7b847f4,0,0,0,0,-1,-1,-1,-1
i5660,5660,"0,1,2,3",4,3925841d02dc09fbdc118597196a0b32,8df4e9aac5c7573a27d8d055d6e4d64b,2f49671c7ab81b2f435d9b650e35b8c1,e16b676be413d87d83edb9aef7b847f4,0,0,0,0,-1,-1,-1,-1
i5664,5664,"0,1,2,3",4,,,,,-1,-1,-1,-1,-1,-1,-1,-1
i5668,5668,0,1,3925841d02dc09fbdc118597196a0b32,8df4e9aac5c7573a27d8d055d6e4d64b,2f49671c7ab81b2f435d9b650e35b8c1,e16b676be413d87d83edb9aef7b847f4,0,0,0,0,-1,-1,-1,-1
i5672,5672,0,1,,,,,-1,-1,-1,-1,-1,-1,-1,-1
i5676,5676,0,1,3925841d02dc09fbdc118597196a0b32,8df4e9aac5c7573a27d8d055d6e4d64b,2f49671c7ab81b2f435d9b650e35b8c1,e16b676be413d87d83edb9aef7b847f4,0,0,0,0,-1,-1,-1,-1
i5680,5680,0,1,3925841d02dc09fbdc118597196a0b32,8df4e9aac5c7573a27d8d055d6e4d64b,2f49671c7ab81b2f435d9b650e35b8c1,e16b676be413d87d83edb9aef7b847f4,0,0,0,0,-1,-1,-1,-1
i5684,5684,0,1,3925841d02dc09fbdc118597196a0b32,8df4e9aac5c7573a27d8d055d6e4d64b,2f49671c7ab81b2f435d9b650e35b8c1,e16b676be413d87d83edb9aef7b847f4,0,0,0,0,-1,-1,-1,-1
i5688,5688,0,1,3925841d02dc09fbdc118597196a0b32,8df4e9aac5c7573a27d8d055d6e4d64b,2f49671c7ab81b2f435d9b650e35b8c1,e16b676be413d87d83edb9aef7b847f4,0,0,0,0,-1,-1,-1,-1
i5692,5692,0,1,3925841d02dc09fbdc118597196a0b32,8df4e9aac5c7573a27d8d055d6e4d64b,2f49671c7ab81b2f435d9b650e35b8c1,e16b676be413d87d83edb9aef7b847f4,0,0,0,0,-1,-1,-1,-1
i5696,5696,0,1,,,,,-1,-1,-1,-1,-1,-1,-1,-1
i5700,5700,0,1,,,,,-1,-1,-1,-1,-1,-1,-1,-1
i5704,5704,0,1,3925841d02dc09fbdc118597196a0b32,8df4e9aac5c7573a27d8d055d6e4d64b,2f49671c7ab81b2f435d9b650e35b8c1,e16b676be413d87d83edb9aef7b847f4,0,0,0,0,-1,-1,-1,-1
i5708,5708,0,1,,,,,-1,-1,-1,-1,-1,-1,-1,-1
i5712,5712,0,1,3925841d02dc09fbdc118597196a0b32,8df4e9aac5c7573a27d8d055d6e4d64b,2f49671c7ab81b2f435d9b650e35b8c1,e16b676be413d87d83edb9aef7b847f4,0,0,0,0,-1,-1,-1,-1
i5716,5716,0,1,3925841d02dc09fbdc118597196a0b32,8df4e9aac5c7573a27d8d055d6e4d64b,2f49671c7ab81b2f435d9b650e35b8c1,e16b676be413d87d83edb9aef7b847f4,0,0,0,0,-1,-1,-1,-1
i5720,5720,0,1,3925841d02dc09fbdc118597196a0b32,8df4e9aac5c7573a27d8d055d6e4d64b,2f49671c7ab81b2f435d9b650e35b8c1,e16b676be413d87d83edb9aef7b847f4,0,0,0,0,-1,-1,-1,-1
i5724,5724,0,1,3925841d02dc09fbdc118597196a0b32,8df4e9aac5c7573a27d8d055d6e4d64b,2f49671c7ab81b2f435d9b650e35b8c1,e16b676be413d87d83edb9aef7b847f4,0,0,0,0,-1,-1,-1,-1
i5728,5728,0,1,3925841d02dc09fbdc118597196a0b32,8df4e9aac5c7573a27d8d055d6e4d64b,2f49671c7ab81b2f435d9b650e35b8c1,e16b676be413d87d83edb9aef7b847f4,0,0,0,0,-1,-1,-1,-1
i5732,5732,0,1,3925841d02dc09fbdc118597196a0b32,8df4e9aac5c7573a27d8d055d6e4d64b,2f49671c7ab81b2f435d9b650e35b8c1,e16b676be413d87d83edb9aef7b847f4,0,0,0,0,-1,-1,-1,-1
i5736,5736,0,1,3925841d02dc09fbdc118597196a0b32,8df4e9aac5c7573a27d8d055d6e4d64b,2f49671c7ab81b2f435d9b650e35b8c1,e16b676be413d87d83edb9aef7b847f4,0,0,0,0,-1,-1,-1,-1
i5740,5740,0,1,3925841d02dc09fbdc118597196a0b32,8df4e9aac5c7573a27d8d055d6e4d64b,2f49671c7ab81b2f435d9b650e35b8c1,e16b676be413d87d83edb9aef7b847f4,0,0,0,0,-1,-1,-1,-1
i5744,5744,0,1,3925841d02dc09fbdc118597196a0b32,8df4e9aac5c7573a27d8d055d6e4d64b,2f49671c7ab81b2f435d9b650e35b8c1,e16b676be413d87d83edb9aef7b847f4,0,0,0,0,-1,-1,-1,-1
i5748,5748,0,1,3925841d02dc09fbdc118597196a0b32,8df4e9aac5c7573a27d8d055d6e4d64b,2f49671c7ab81b2f435d9b650e35b8c1,e16b676be413d87d83edb9aef7b847f4,0,0,0,0,-1,-1,-1,-1
i5752,5752,0,1,3925841d02dc09fbdc118597196a0b32,8df4e9aac5c7573a27d8d055d6e4d64b,2f49671c7ab81b2f435d9b650e35b8c1,e16b676be413d87d83edb9aef7b847f4,0,0,0,0,-1,-1,-1,-1
i5756,5756,0,1,3925841d02dc09fbdc118597196a0b32,8df4e9aac5c7573a27d8d055d6e4d64b,2f49671c7ab81b2f435d9b650e35b8c1,e16b676be413d87d83edb9aef7b847f4,0,0,0,0,-1,-1,-1,-1
i5760,5760,0,1,3925841d02dc09fbdc118597196a0b32,8df4e9aac5c7573a27d8d055d6e4d64b,2f49671c7ab81b2f435d9b650e35b8c1,e16b676be413d87d83edb9aef7b847f4,0,0,0,0,-1,-1,-1,-1
i5764,5764,0,1,3925841d02dc09fbdc118597196a0b32,8df4e9aac5c7573a27d8d055d6e4d64b,2f49671c7ab81b2f435d9b650e35b8c1,e16b676be413d87d83edb9aef7b847f4,0,0,0,0,-1,-1,-1,-1
i5768,5768,0,1,3925841d02dc09fbdc118597196a0b32,8df4e9aac5c7573a27d8d055d6e4d64b,2f49671c7ab81b2f435d9b650e35b8c1,e16b676be413d87d83edb9aef7b847f4,0,0,0,0,-1,-1,-1,-1
i5772,5772,0,1,3925841d02dc09fbdc118597196a0b32,8df4e9aac5c7573a27d8d055d6e4d64b,2f49671c7ab81b2f435d9b650e35b8c1,e16b676be413d87d83edb9aef7b847f4,0,0,0,0,-1,-1,-1,-1
i5776,5776,0,1,3925841d02dc09fbdc118597196a0b32,8df4e9aac5c7573a27d8d055d6e4d64b,2f49671c7ab81b2f435d9b650e35b8c1,e16b676be413d87d83edb9aef7b847f4,0,0,0,0,-1,-1,-1,-1
i5780,5780,0,1,3925841d02dc09fbdc118597196a0b32,8df4e9aac5c7573a27d8d055d6e4d64b,2f49671c7ab81b2f435d9b650e35b8c1,e16b676be413d87d83edb9aef7b847f4,0,0,0,0,-1,-1,-1,-1
i5784,5784,0,1,,,,,-1,-1,-1,-1,-1,-1,-1,-1
i5788,5788,,0,3925841d02dc09fbdc118597196a0b32,8df4e9aac5c7573a27d8d055d6e4d64b,2f49671c7ab81b2f435d9b650e35b8c1,e16b676be413d87d83edb9aef7b847f4,0,0,0,0,-1,-1,-1,-1
i5792,5792,,0,3925841d02dc09fbdc118597196a0b32,8df4e9aac5c7573a27d8d055d6e4d64b,2f49671c7ab81b2f435d9b650e35b8c1,e16b676be413d87d83edb9aef7b847f4,0,0,0,0,-1,-1,-1,-1
i5796,5796,,0,3925841d02dc09fbdc118597196a0b32,8df4e9aac5c7573a27d8d055d6e4d64b,2f49671c7ab81b2f435d9b650e35b8c1,e16b676be413d87d83edb9aef7b847f4,0,0,0,0,-1,-1,-1,-1
i5800,5800,,0,3925841d02dc09fbdc118597196a0b32,8df4e9aac5c7573a27d8d055d6e4d64b,2f49671c7ab81b2f435d9b650e35b8c1,e16b676be413d87d83edb9aef7b847f4,0,0,0,0,-1,-1,-1,-1
